event_id,split_group,label,reviewed,reviewer,source_reference,is_demo,mean_frp,max_frp,mean_brightness,max_brightness,quality_mean,duration_hours,detection_count,night_fraction,spatial_spread_km,persistence_days,detection_frequency,recurrence_count,historical_mean_frp,historical_max_frp,historical_std_frp,historical_baseline_available,distance_to_industrial_m,distance_to_refinery_m,distance_to_powerplant_m,distance_to_factory_m,distance_to_forest_m,distance_to_farmland_m,distance_to_residential_m,nearby_industrial_count,nearby_facility_count,ndvi,vegetation_fraction,built_up_fraction,landuse_industrial,landuse_forest,landuse_farmland,latitude,longitude,start_time,last_seen_time,landuse_class,osm_context_available,satellite_context_available,abnormality_score,abnormality_status,risk_score,risk_level,nearby_facility_names,source_counts,sensor_provenance,viirs_detection_count,modis_detection_count,unique_satellite_count,unique_sensor_count,viirs_primary_mean,viirs_secondary_mean,modis_primary_mean,modis_secondary_mean,scan_mean,track_mean,viirs_snpp_count,viirs_noaa20_count,viirs_noaa21_count,modis_count,independent_detection_count,nrt_sp_representation_count,unique_instrument_count,viirs_frp_mean,viirs_frp_max,modis_frp_mean,modis_frp_max,day_detection_fraction,night_detection_fraction,cross_sensor_confirmed,viirs_primary_thermal_mean,viirs_secondary_thermal_mean,modis_primary_thermal_mean,modis_secondary_thermal_mean
TG-firms-001f5ab76098df43210e,,,false,,,false,0.85,0.85,304.94,304.94,0.5,0.0,1.0,1.0,1.144440455068165e-13,1.0,1.0,0.0,,,,0.0,,,,,,,,,,,,,,,,18.74333,81.95504,2026-04-25T20:37:00+00:00,2026-04-25T20:37:00+00:00,,false,false,,unavailable,5,Normal,,"{""VIIRS_SNPP_SP"": 1}","[{""count"": 1, ""first_acquired_at"": ""2026-04-25T20:37:00+00:00"", ""instrument"": ""VIIRS"", ""last_acquired_at"": ""2026-04-25T20:37:00+00:00"", ""satellite"": ""N"", ""source_dataset"": ""VIIRS_SNPP_SP"", ""version"": ""2""}]",1,0,1,1,304.94,289.5,,,0.39,0.44,1,0,0,0,1,0,1,0.85,0.85,,,0.0,1.0,False,304.94,289.5,,
TG-firms-00a13c6b968aa381e854,,,false,,,false,8.529285714285715,12.84,344.63714285714286,367.0,0.5357142857142857,0.0,14.0,0.0,1.6289338657646986,1.0,14.0,0.0,,,,0.0,,,,,,,,,,,,,,,,18.79466,81.20658571428571,2026-04-24T08:26:00+00:00,2026-04-24T08:26:00+00:00,,false,false,,unavailable,5,Normal,,"{""VIIRS_SNPP_SP"": 14}","[{""count"": 14, ""first_acquired_at"": ""2026-04-24T08:26:00+00:00"", ""instrument"": ""VIIRS"", ""last_acquired_at"": ""2026-04-24T08:26:00+00:00"", ""satellite"": ""N"", ""source_dataset"": ""VIIRS_SNPP_SP"", ""version"": ""2""}]",14,0,1,1,344.63714285714286,306.15285714285716,,,0.55,0.51,14,0,0,0,14,0,1,8.529285714285715,12.84,,,1.0,0.0,False,344.63714285714286,306.15285714285716,,
TG-firms-02333c2f3ecea4680727,,,false,,,false,5.523333333333333,9.24,333.95666666666665,335.75,0.3333333333333333,23.683333333333334,3.0,0.0,0.7101753178453123,2.0,0.1266713581984518,0.0,,,,0.0,,,,,,,,,,,,,,,,19.215239999999998,81.13997333333333,2026-04-26T07:48:00+00:00,2026-04-27T07:29:00+00:00,,false,false,,unavailable,13,Normal,,"{""VIIRS_SNPP_SP"": 3}","[{""count"": 3, ""first_acquired_at"": ""2026-04-26T07:48:00+00:00"", ""instrument"": ""VIIRS"", ""last_acquired_at"": ""2026-04-27T07:29:00+00:00"", ""satellite"": ""N"", ""source_dataset"": ""VIIRS_SNPP_SP"", ""version"": ""2""}]",3,0,1,1,333.95666666666665,303.5933333333333,,,0.44999999999999996,0.4433333333333333,3,0,0,0,3,0,1,5.523333333333333,9.24,,,1.0,0.0,False,333.95666666666665,303.5933333333333,,
TG-firms-02c36fb26fd7a6ee54e4,,,false,,,false,13.836666666666666,21.25,355.63000000000005,367.0,0.75,23.683333333333334,6.0,0.0,0.982486424477471,2.0,0.2533427163969036,0.0,,,,0.0,,,,,,,,,,,,,,,,19.502251666666666,80.92112833333333,2026-04-23T08:45:00+00:00,2026-04-24T08:26:00+00:00,,false,false,,unavailable,18,Normal,,"{""VIIRS_SNPP_SP"": 6}","[{""count"": 6, ""first_acquired_at"": ""2026-04-23T08:45:00+00:00"", ""instrument"": ""VIIRS"", ""last_acquired_at"": ""2026-04-24T08:26:00+00:00"", ""satellite"": ""N"", ""source_dataset"": ""VIIRS_SNPP_SP"", ""version"": ""2""}]",6,0,1,1,355.63,298.06,,,0.54,0.65,6,0,0,0,6,0,1,13.836666666666668,21.25,,,1.0,0.0,False,355.63,298.06,,
TG-firms-031c01b3b14a22a9a0db,,,false,,,false,5.45,5.45,345.14,345.14,0.5,0.0,1.0,0.0,0.0,1.0,1.0,0.0,,,,0.0,,,,,,,,,,,,,,,,18.72956,81.06168,2026-04-24T08:26:00+00:00,2026-04-24T08:26:00+00:00,,false,false,,unavailable,2,Normal,,"{""VIIRS_SNPP_SP"": 1}","[{""count"": 1, ""first_acquired_at"": ""2026-04-24T08:26:00+00:00"", ""instrument"": ""VIIRS"", ""last_acquired_at"": ""2026-04-24T08:26:00+00:00"", ""satellite"": ""N"", ""source_dataset"": ""VIIRS_SNPP_SP"", ""version"": ""2""}]",1,0,1,1,345.14,304.71,,,0.53,0.5,1,0,0,0,1,0,1,5.45,5.45,,,1.0,0.0,False,345.14,304.71,,
TG-firms-0352700bcfec5f455d71,,,false,,,false,3.67,3.67,329.09000000000003,339.04,0.5,0.0,2.0,1.0,0.19722380628231925,1.0,2.0,0.0,,,,0.0,,,,,,,,,,,,,,,,19.01473,80.62217000000001,2026-04-26T20:18:00+00:00,2026-04-26T20:18:00+00:00,,false,false,,unavailable,1,Normal,,"{""VIIRS_SNPP_SP"": 2}","[{""count"": 2, ""first_acquired_at"": ""2026-04-26T20:18:00+00:00"", ""instrument"": ""VIIRS"", ""last_acquired_at"": ""2026-04-26T20:18:00+00:00"", ""satellite"": ""N"", ""source_dataset"": ""VIIRS_SNPP_SP"", ""version"": ""2""}]",2,0,1,1,329.09000000000003,295.775,,,0.39,0.36,2,0,0,0,2,0,1,3.67,3.67,,,0.0,1.0,False,329.09000000000003,295.775,,
TG-firms-0461ca2901030bab5ff7,,,false,,,false,21.744285714285716,27.59,346.59999999999997,356.3,0.5,0.0,7.0,0.0,0.7683566761024667,1.0,7.0,0.0,,,,0.0,,,,,,,,,,,,,,,,19.527671428571427,81.00417285714286,2026-04-25T08:07:00+00:00,2026-04-25T08:07:00+00:00,,false,false,,unavailable,10,Normal,,"{""VIIRS_SNPP_SP"": 7}","[{""count"": 7, ""first_acquired_at"": ""2026-04-25T08:07:00+00:00"", ""instrument"": ""VIIRS"", ""last_acquired_at"": ""2026-04-25T08:07:00+00:00"", ""satellite"": ""N"", ""source_dataset"": ""VIIRS_SNPP_SP"", ""version"": ""2""}]",7,0,1,1,346.59999999999997,310.2371428571429,,,0.44,0.38,7,0,0,0,7,0,1,21.744285714285713,27.59,,,1.0,0.0,False,346.59999999999997,310.2371428571429,,
TG-firms-051f244c4dcf13d630a4,,,false,,,false,4.7375,6.9,339.2325,344.83,0.25,47.36666666666667,4.0,0.0,0.2821085279906872,3.0,0.0844475721323012,0.0,,,,0.0,,,,,,,,,,,,,,,,19.3945275,80.9822925,2026-04-25T08:07:00+00:00,2026-04-27T07:29:00+00:00,,false,false,,unavailable,12,Normal,,"{""VIIRS_SNPP_SP"": 4}","[{""count"": 4, ""first_acquired_at"": ""2026-04-25T08:07:00+00:00"", ""instrument"": ""VIIRS"", ""last_acquired_at"": ""2026-04-27T07:29:00+00:00"", ""satellite"": ""N"", ""source_dataset"": ""VIIRS_SNPP_SP"", ""version"": ""2""}]",4,0,1,1,339.2325,309.22249999999997,,,0.4425,0.40249999999999997,4,0,0,0,4,0,1,4.7375,6.9,,,1.0,0.0,False,339.2325,309.22249999999997,,
TG-firms-057aa6a3a72b2b17c5b7,,,false,,,false,81.01142857142858,122.14,357.0571428571429,367.0,0.5714285714285714,0.0,7.0,0.0,0.4758150053000494,1.0,7.0,1.0,,,,0.0,,,,,,,,,,,,,,,,19.409132857142858,80.94853857142857,2026-04-26T07:48:00+00:00,2026-04-26T07:48:00+00:00,,false,false,,unavailable,44,Medium,,"{""VIIRS_SNPP_SP"": 7}","[{""count"": 7, ""first_acquired_at"": ""2026-04-26T07:48:00+00:00"", ""instrument"": ""VIIRS"", ""last_acquired_at"": ""2026-04-26T07:48:00+00:00"", ""satellite"": ""N"", ""source_dataset"": ""VIIRS_SNPP_SP"", ""version"": ""2""}]",7,0,1,1,357.0571428571429,320.4557142857143,,,0.41,0.37,7,0,0,0,7,0,1,81.01142857142857,122.14,,,1.0,0.0,False,357.0571428571429,320.4557142857143,,
TG-firms-05c814eb0b7b5054ccee,,,false,,,false,3.67,4.85,333.205,337.21,0.25,0.0,4.0,0.0,0.28713984679303756,1.0,4.0,0.0,,,,0.0,,,,,,,,,,,,,,,,18.5777275,80.9998175,2026-04-24T08:26:00+00:00,2026-04-24T08:26:00+00:00,,false,false,,unavailable,2,Normal,,"{""VIIRS_SNPP_SP"": 4}","[{""count"": 4, ""first_acquired_at"": ""2026-04-24T08:26:00+00:00"", ""instrument"": ""VIIRS"", ""last_acquired_at"": ""2026-04-24T08:26:00+00:00"", ""satellite"": ""N"", ""source_dataset"": ""VIIRS_SNPP_SP"", ""version"": ""2""}]",4,0,1,1,333.205,304.3825,,,0.53,0.5,4,0,0,0,4,0,1,3.67,4.85,,,1.0,0.0,False,333.205,304.3825,,
TG-firms-067b7987b61e0a46c33d,angul_talcher_sep_2026,industrial_fire,true,PRAGYAX_review,NASA FIRMS: https://firms.modaps.eosdis.nasa.gov/map/index.html ; project FIRMS observation and stored geospatial context reviewed,false,1.38,1.38,300.22,300.22,0.5,0.0,1.0,1.0,0.0,1.0,1.0,0.0,,,,0.0,,,,,,,,,,,,,,,,20.75956,85.29154,2026-09-05T20:46:00+00:00,2026-09-05T20:46:00+00:00,,false,false,,unavailable,0,Normal,,,,,,,,,,,,,,,,,,,,,,,,,,,,,,,
TG-firms-0814011f704f92588d8a,,,false,,,false,5.015000000000001,6.45,337.645,338.37,0.0,0.0,2.0,0.0,0.19101368246576728,1.0,2.0,0.0,,,,0.0,,,,,,,,,,,,,,,,19.714914999999998,80.97133,2026-04-26T07:48:00+00:00,2026-04-26T07:48:00+00:00,,false,false,,unavailable,2,Normal,,"{""VIIRS_SNPP_SP"": 2}","[{""count"": 2, ""first_acquired_at"": ""2026-04-26T07:48:00+00:00"", ""instrument"": ""VIIRS"", ""last_acquired_at"": ""2026-04-26T07:48:00+00:00"", ""satellite"": ""N"", ""source_dataset"": ""VIIRS_SNPP_SP"", ""version"": ""2""}]",2,0,1,1,337.645,310.67,,,0.41,0.37,2,0,0,0,2,0,1,5.015000000000001,6.45,,,1.0,0.0,False,337.645,310.67,,
TG-firms-08a839b6798b827c6ef6,,,false,,,false,11.844999999999999,14.36,350.765,352.89,0.5,0.0,2.0,0.0,0.07968681450349832,1.0,2.0,1.0,,,,0.0,,,,,,,,,,,,,,,,19.558835000000002,80.513905,2026-04-26T07:48:00+00:00,2026-04-26T07:48:00+00:00,,false,false,,unavailable,5,Normal,,"{""VIIRS_SNPP_SP"": 2}","[{""count"": 2, ""first_acquired_at"": ""2026-04-26T07:48:00+00:00"", ""instrument"": ""VIIRS"", ""last_acquired_at"": ""2026-04-26T07:48:00+00:00"", ""satellite"": ""N"", ""source_dataset"": ""VIIRS_SNPP_SP"", ""version"": ""2""}]",2,0,1,1,350.765,310.845,,,0.43,0.38,2,0,0,0,2,0,1,11.844999999999999,14.36,,,1.0,0.0,False,350.765,310.845,,
TG-firms-0970e0588e370dff3dfc,,,false,,,false,78.31,78.31,339.12,339.12,0.5,0.0,1.0,0.0,2.3650507716562443e-14,1.0,1.0,0.0,,,,0.0,,,,,,,,,,,,,,,,19.6136,80.96296,2026-04-25T08:07:00+00:00,2026-04-25T08:07:00+00:00,,false,false,,unavailable,28,Normal,,"{""VIIRS_SNPP_SP"": 1}","[{""count"": 1, ""first_acquired_at"": ""2026-04-25T08:07:00+00:00"", ""instrument"": ""VIIRS"", ""last_acquired_at"": ""2026-04-25T08:07:00+00:00"", ""satellite"": ""N"", ""source_dataset"": ""VIIRS_SNPP_SP"", ""version"": ""2""}]",1,0,1,1,339.12,302.8,,,0.44,0.38,1,0,0,0,1,0,1,78.31,78.31,,,1.0,0.0,False,339.12,302.8,,
TG-firms-09b2f129c5c833386c9b,,,false,,,false,2.48,2.62,332.95500000000004,333.98,0.25,23.683333333333334,2.0,0.0,0.5834753067760136,2.0,0.0844475721323012,0.0,,,,0.0,,,,,,,,,,,,,,,,18.538705,81.114165,2026-04-26T07:48:00+00:00,2026-04-27T07:29:00+00:00,,false,false,,unavailable,11,Normal,,"{""VIIRS_SNPP_SP"": 2}","[{""count"": 2, ""first_acquired_at"": ""2026-04-26T07:48:00+00:00"", ""instrument"": ""VIIRS"", ""last_acquired_at"": ""2026-04-27T07:29:00+00:00"", ""satellite"": ""N"", ""source_dataset"": ""VIIRS_SNPP_SP"", ""version"": ""2""}]",2,0,1,1,332.95500000000004,303.775,,,0.44499999999999995,0.425,2,0,0,0,2,0,1,2.48,2.62,,,1.0,0.0,False,332.95500000000004,303.775,,
TG-firms-0b84c2d673a40350e7ea,,,false,,,false,2.56,2.56,339.36,339.36,0.5,0.0,1.0,0.0,0.0,1.0,1.0,0.0,,,,0.0,,,,,,,,,,,,,,,,30.6279,75.24556,2026-06-05T07:22:00+00:00,2026-06-05T07:22:00+00:00,,false,false,,unavailable,1,Normal,,"{""VIIRS_NOAA20_NRT"": 1}","[{""count"": 1, ""first_acquired_at"": ""2026-06-05T07:22:00+00:00"", ""instrument"": ""VIIRS"", ""last_acquired_at"": ""2026-06-05T07:22:00+00:00"", ""satellite"": ""N20"", ""source_dataset"": ""VIIRS_NOAA20_NRT"", ""version"": ""2.0NRT""}]",1,0,1,1,339.36,300.59,,,0.4,0.6,0,1,0,0,1,0,1,2.56,2.56,,,1.0,0.0,False,339.36,300.59,,
TG-firms-0b985cc0cbfb815773a6,,,false,,,false,5.385,6.44,335.0,335.14,0.0,0.0,2.0,0.0,0.11932933068377909,1.0,2.0,0.0,,,,0.0,,,,,,,,,,,,,,,,30.60682,76.167415,2026-06-04T07:39:00+00:00,2026-06-04T07:39:00+00:00,,false,false,,unavailable,2,Normal,,"{""VIIRS_NOAA20_NRT"": 2}","[{""count"": 2, ""first_acquired_at"": ""2026-06-04T07:39:00+00:00"", ""instrument"": ""VIIRS"", ""last_acquired_at"": ""2026-06-04T07:39:00+00:00"", ""satellite"": ""N20"", ""source_dataset"": ""VIIRS_NOAA20_NRT"", ""version"": ""2.0NRT""}]",2,0,1,1,335.0,307.645,,,0.57,0.43,0,2,0,0,2,0,1,5.385,6.44,,,1.0,0.0,False,335.0,307.645,,
TG-firms-0c2053e4931019580cb1,,,false,,,false,2.31,2.31,330.92,330.92,0.0,0.0,1.0,0.0,0.0,1.0,1.0,0.0,,,,0.0,,,,,,,,,,,,,,,,19.55174,81.85519,2026-04-27T07:29:00+00:00,2026-04-27T07:29:00+00:00,,false,false,,unavailable,1,Normal,,"{""VIIRS_SNPP_SP"": 1}","[{""count"": 1, ""first_acquired_at"": ""2026-04-27T07:29:00+00:00"", ""instrument"": ""VIIRS"", ""last_acquired_at"": ""2026-04-27T07:29:00+00:00"", ""satellite"": ""N"", ""source_dataset"": ""VIIRS_SNPP_SP"", ""version"": ""2""}]",1,0,1,1,330.92,305.05,,,0.42,0.45,1,0,0,0,1,0,1,2.31,2.31,,,1.0,0.0,False,330.92,305.05,,
TG-firms-0c75dfd82a1756e4f2c0,,,false,,,false,2.15,2.15,331.51,331.51,0.5,0.0,1.0,0.0,0.0,1.0,1.0,2.0,,,,0.0,,,,,,,,,,,,,,,,18.68411,81.20873,2026-05-31T07:12:00+00:00,2026-05-31T07:12:00+00:00,,false,false,,unavailable,1,Normal,,"{""VIIRS_NOAA20_SP"": 1}","[{""count"": 1, ""first_acquired_at"": ""2026-05-31T07:12:00+00:00"", ""instrument"": ""VIIRS"", ""last_acquired_at"": ""2026-05-31T07:12:00+00:00"", ""satellite"": ""N20"", ""source_dataset"": ""VIIRS_NOAA20_SP"", ""version"": ""2""}]",1,0,1,1,331.51,297.23,,,0.4,0.6,0,1,0,0,1,0,1,2.15,2.15,,,1.0,0.0,False,331.51,297.23,,
TG-firms-0c850090b4be9fb28091,,,false,,,false,137.96666666666667,322.8,,,,0.0,6.0,0.0,1.1748426874857814,1.0,6.0,0.0,,,,0.0,,,,,,,,,,,,,,,,19.1874,81.20536666666666,2026-04-30T09:58:00+00:00,2026-04-30T09:58:00+00:00,,false,false,,unavailable,50,Medium,,"{""MODIS_SP"": 6}","[{""count"": 6, ""first_acquired_at"": ""2026-04-30T09:58:00+00:00"", ""instrument"": ""MODIS"", ""last_acquired_at"": ""2026-04-30T09:58:00+00:00"", ""satellite"": ""Aqua"", ""source_dataset"": ""MODIS_SP"", ""version"": ""61.03""}]",0,6,1,1,,,360.66666666666663,304.45,1.3,1.1,0,0,0,6,6,0,1,,,137.96666666666667,322.8,1.0,0.0,False,,,360.66666666666663,304.45
TG-firms-0cdc67166a6151aa8b53,,,false,,,false,2.82,2.82,330.77,330.77,0.5,0.0,1.0,0.0,0.0,1.0,1.0,0.0,,,,0.0,,,,,,,,,,,,,,,,31.03961,75.87905,2026-06-03T08:48:00+00:00,2026-06-03T08:48:00+00:00,,false,false,,unavailable,1,Normal,,"{""VIIRS_NOAA21_NRT"": 1}","[{""count"": 1, ""first_acquired_at"": ""2026-06-03T08:48:00+00:00"", ""instrument"": ""VIIRS"", ""last_acquired_at"": ""2026-06-03T08:48:00+00:00"", ""satellite"": ""N21"", ""source_dataset"": ""VIIRS_NOAA21_NRT"", ""version"": ""2.0NRT""}]",1,0,1,1,330.77,295.54,,,0.43,0.62,0,0,1,0,1,0,1,2.82,2.82,,,1.0,0.0,False,330.77,295.54,,
TG-firms-0ce19ef6d56847cd1e59,,,false,,,false,1.71,1.71,309.85,309.85,0.5,0.0,1.0,1.0,0.0,1.0,1.0,0.0,,,,0.0,,,,,,,,,,,,,,,,18.66172,81.23965,2026-04-26T20:19:00+00:00,2026-04-26T20:19:00+00:00,,false,false,,unavailable,1,Normal,,"{""VIIRS_SNPP_SP"": 1}","[{""count"": 1, ""first_acquired_at"": ""2026-04-26T20:19:00+00:00"", ""instrument"": ""VIIRS"", ""last_acquired_at"": ""2026-04-26T20:19:00+00:00"", ""satellite"": ""N"", ""source_dataset"": ""VIIRS_SNPP_SP"", ""version"": ""2""}]",1,0,1,1,309.85,297.77,,,0.38,0.36,1,0,0,0,1,0,1,1.71,1.71,,,0.0,1.0,False,309.85,297.77,,
TG-firms-0e264ad3563c20d17b5e,,,false,,,false,2.23,2.23,333.85,333.85,0.0,0.0,1.0,0.0,0.0,1.0,1.0,2.0,,,,0.0,,,,,,,,,,,,,,,,18.64753,81.10997,2026-04-26T07:48:00+00:00,2026-04-26T07:48:00+00:00,,false,false,,unavailable,1,Normal,,"{""VIIRS_SNPP_SP"": 1}","[{""count"": 1, ""first_acquired_at"": ""2026-04-26T07:48:00+00:00"", ""instrument"": ""VIIRS"", ""last_acquired_at"": ""2026-04-26T07:48:00+00:00"", ""satellite"": ""N"", ""source_dataset"": ""VIIRS_SNPP_SP"", ""version"": ""2""}]",1,0,1,1,333.85,306.01,,,0.41,0.37,1,0,0,0,1,0,1,2.23,2.23,,,1.0,0.0,False,333.85,306.01,,
TG-firms-0e27987635051d9b1f96,,,false,,,false,5.576,10.37,328.988,355.02,0.4,11.183333333333334,5.0,0.4,1.4154909912619018,2.0,0.44709388971684055,1.0,,,,0.0,,,,,,,,,,,,,,,,18.887458000000002,81.043384,2026-04-23T21:15:00+00:00,2026-04-24T08:26:00+00:00,,false,false,,unavailable,9,Normal,,"{""VIIRS_SNPP_SP"": 5}","[{""count"": 5, ""first_acquired_at"": ""2026-04-23T21:15:00+00:00"", ""instrument"": ""VIIRS"", ""last_acquired_at"": ""2026-04-24T08:26:00+00:00"", ""satellite"": ""N"", ""source_dataset"": ""VIIRS_SNPP_SP"", ""version"": ""2""}]",5,0,1,1,328.988,297.834,,,0.5920000000000001,0.594,5,0,0,0,5,0,1,5.576,10.37,,,0.6,0.4,False,328.988,297.834,,
TG-firms-0e285266101990e0723a,,,false,,,false,4.476666666666667,10.55,336.69666666666666,367.0,0.6666666666666666,12.5,3.0,0.3333333333333333,0.31934377033838823,1.0,0.24,2.0,,,,0.0,,,,,,,,,,,,,,,,19.74853333333333,81.05113,2026-04-26T07:48:00+00:00,2026-04-26T20:18:00+00:00,,false,false,,unavailable,10,Normal,,"{""VIIRS_SNPP_SP"": 3}","[{""count"": 3, ""first_acquired_at"": ""2026-04-26T07:48:00+00:00"", ""instrument"": ""VIIRS"", ""last_acquired_at"": ""2026-04-26T20:18:00+00:00"", ""satellite"": ""N"", ""source_dataset"": ""VIIRS_SNPP_SP"", ""version"": ""2""}]",3,0,1,1,336.69666666666666,304.2166666666667,,,0.4033333333333333,0.36666666666666664,3,0,0,0,3,0,1,4.476666666666667,10.55,,,0.6666666666666666,0.3333333333333333,False,336.69666666666666,304.2166666666667,,
TG-firms-0e77f8d5a51425cff2c6,,,false,,,false,7.65,7.65,342.43,342.98,0.0,0.0,2.0,0.0,0.2069123236670239,1.0,2.0,0.0,,,,0.0,,,,,,,,,,,,,,,,30.30704,74.502555,2026-06-02T08:18:00+00:00,2026-06-02T08:18:00+00:00,,false,false,,unavailable,3,Normal,,"{""VIIRS_NOAA20_NRT"": 2}","[{""count"": 2, ""first_acquired_at"": ""2026-06-02T08:18:00+00:00"", ""instrument"": ""VIIRS"", ""last_acquired_at"": ""2026-06-02T08:18:00+00:00"", ""satellite"": ""N20"", ""source_dataset"": ""VIIRS_NOAA20_NRT"", ""version"": ""2.0NRT""}]",2,0,1,1,342.43,312.66499999999996,,,0.41,0.37,0,2,0,0,2,0,1,7.65,7.65,,,1.0,0.0,False,342.43,312.66499999999996,,
TG-firms-0e8f7380d0b01f119034,,,false,,,false,1.17,1.17,306.61,306.61,0.5,0.0,1.0,1.0,0.0,1.0,1.0,0.0,,,,0.0,,,,,,,,,,,,,,,,19.73701,81.55366,2026-04-26T20:18:00+00:00,2026-04-26T20:18:00+00:00,,false,false,,unavailable,5,Normal,,"{""VIIRS_SNPP_SP"": 1}","[{""count"": 1, ""first_acquired_at"": ""2026-04-26T20:18:00+00:00"", ""instrument"": ""VIIRS"", ""last_acquired_at"": ""2026-04-26T20:18:00+00:00"", ""satellite"": ""N"", ""source_dataset"": ""VIIRS_SNPP_SP"", ""version"": ""2""}]",1,0,1,1,306.61,295.5,,,0.38,0.36,1,0,0,0,1,0,1,1.17,1.17,,,0.0,1.0,False,306.61,295.5,,
TG-firms-0ec96e48e1e5545a29ca,,,false,,,false,2.1,2.1,332.51,332.51,0.0,0.0,1.0,0.0,0.0,1.0,1.0,0.0,,,,0.0,,,,,,,,,,,,,,,,19.27469,81.11508,2026-04-26T07:48:00+00:00,2026-04-26T07:48:00+00:00,,false,false,,unavailable,1,Normal,,"{""VIIRS_SNPP_SP"": 1}","[{""count"": 1, ""first_acquired_at"": ""2026-04-26T07:48:00+00:00"", ""instrument"": ""VIIRS"", ""last_acquired_at"": ""2026-04-26T07:48:00+00:00"", ""satellite"": ""N"", ""source_dataset"": ""VIIRS_SNPP_SP"", ""version"": ""2""}]",1,0,1,1,332.51,306.16,,,0.41,0.37,1,0,0,0,1,0,1,2.1,2.1,,,1.0,0.0,False,332.51,306.16,,
TG-firms-10e4f5db4e4f489de170,,,false,,,false,4.07,4.07,340.62,340.62,0.0,0.0,1.0,0.0,0.0,1.0,1.0,0.0,,,,0.0,,,,,,,,,,,,,,,,19.61878,81.0564,2026-04-26T07:48:00+00:00,2026-04-26T07:48:00+00:00,,false,false,,unavailable,1,Normal,,"{""VIIRS_SNPP_SP"": 1}","[{""count"": 1, ""first_acquired_at"": ""2026-04-26T07:48:00+00:00"", ""instrument"": ""VIIRS"", ""last_acquired_at"": ""2026-04-26T07:48:00+00:00"", ""satellite"": ""N"", ""source_dataset"": ""VIIRS_SNPP_SP"", ""version"": ""2""}]",1,0,1,1,340.62,311.7,,,0.41,0.37,1,0,0,0,1,0,1,4.07,4.07,,,1.0,0.0,False,340.62,311.7,,
TG-firms-11919ac577b327950f07,,,false,,,false,3.18,3.18,331.74,331.74,0.5,0.0,1.0,0.0,0.0,1.0,1.0,0.0,,,,0.0,,,,,,,,,,,,,,,,18.59068,81.07124,2026-04-24T08:26:00+00:00,2026-04-24T08:26:00+00:00,,false,false,,unavailable,1,Normal,,"{""VIIRS_SNPP_SP"": 1}","[{""count"": 1, ""first_acquired_at"": ""2026-04-24T08:26:00+00:00"", ""instrument"": ""VIIRS"", ""last_acquired_at"": ""2026-04-24T08:26:00+00:00"", ""satellite"": ""N"", ""source_dataset"": ""VIIRS_SNPP_SP"", ""version"": ""2""}]",1,0,1,1,331.74,300.85,,,0.53,0.5,1,0,0,0,1,0,1,3.18,3.18,,,1.0,0.0,False,331.74,300.85,,
TG-firms-1272e8d945073ee06fd7,,,false,,,false,2.83,2.83,343.55,343.55,0.5,0.0,1.0,0.0,0.0,1.0,1.0,0.0,,,,0.0,,,,,,,,,,,,,,,,19.68705,81.00455,2026-04-26T07:48:00+00:00,2026-04-26T07:48:00+00:00,,false,false,,unavailable,1,Normal,,"{""VIIRS_SNPP_SP"": 1}","[{""count"": 1, ""first_acquired_at"": ""2026-04-26T07:48:00+00:00"", ""instrument"": ""VIIRS"", ""last_acquired_at"": ""2026-04-26T07:48:00+00:00"", ""satellite"": ""N"", ""source_dataset"": ""VIIRS_SNPP_SP"", ""version"": ""2""}]",1,0,1,1,343.55,308.69,,,0.41,0.37,1,0,0,0,1,0,1,2.83,2.83,,,1.0,0.0,False,343.55,308.69,,
TG-firms-12a727a697efdb9146a2,hazira_sep_2026,persistent_industrial_thermal_source,true,PRAGYAX_review,"NASA FIRMS: https://firms.modaps.eosdis.nasa.gov/map/index.html ; OSM/facility verification at 21.1040267,72.6437133 ; repeated FIRMS detections verified from project historical data",false,9.92,16.7,343.17,348.07,0.3333333333333333,0.0,3.0,0.0,0.8443408203094106,1.0,3.0,10.0,4.11260606060606,15.08,3.217551050151431,1.0,0.0,,1141.1,0.0,,3549.8,89.9,8.0,13.0,0.1881,,,1.0,0.0,0.0,21.104026666666666,72.64371333333334,2026-09-10T08:24:00+00:00,2026-09-10T08:24:00+00:00,industrial,true,true,70.60479236051755,above_baseline,33,Medium,ArcelorMittal Nippon Steel India; Bhander Power Plant; Hazira II (Essar) Power Plant; Hazira Power Plant; L&T; Shell Energy India Private Limited,,,,,,,,,,,,,,,,,,,,,,,,,,,,,,
TG-firms-13f1ee45f396881f9669,,,false,,,false,4.36,4.36,343.39333333333326,353.9,0.16666666666666666,0.0,3.0,0.0,0.31600916252183936,1.0,3.0,0.0,,,,0.0,,,,,,,,,,,,,,,,18.539773333333333,80.74419,2026-04-26T07:48:00+00:00,2026-04-26T07:48:00+00:00,,false,false,,unavailable,2,Normal,,"{""VIIRS_SNPP_SP"": 3}","[{""count"": 3, ""first_acquired_at"": ""2026-04-26T07:48:00+00:00"", ""instrument"": ""VIIRS"", ""last_acquired_at"": ""2026-04-26T07:48:00+00:00"", ""satellite"": ""N"", ""source_dataset"": ""VIIRS_SNPP_SP"", ""version"": ""2""}]",3,0,1,1,343.3933333333333,308.2766666666667,,,0.43,0.38,3,0,0,0,3,0,1,4.36,4.36,,,1.0,0.0,False,343.3933333333333,308.2766666666667,,
TG-firms-149619809c5dd05c7d30,chandrapur_sep_2026,agricultural_vegetation_fire,true,PRAGYAX_review,NASA FIRMS: https://firms.modaps.eosdis.nasa.gov/map/index.html ; OSM industrial context verified at <coordinates>; repeated FIRMS observations verified from ThermaGuard historical data,false,8.2775,13.54,335.7575,340.92,0.375,23.716666666666665,4.0,0.0,0.751974307821665,2.0,0.16865776528461,4.0,,,,0.0,30.8,,1390.6,30.8,,3541.5,8.1,8.0,13.0,,,,,,,21.1035675,72.641255,2026-08-19T08:35:00+00:00,2026-08-20T08:18:00+00:00,,true,false,,unavailable,35,Medium,ArcelorMittal Nippon Steel India; Bhander Power Plant; Hazira II (Essar) Power Plant; Hazira Power Plant; L&T; Shell Energy India Private Limited,,,,,,,,,,,,,,,,,,,,,,,,,,,,,,
TG-firms-15675cb84e4a72e739fc,,,false,,,false,11.04,11.04,346.085,346.4,0.5,0.0,2.0,0.0,0.22792247537853677,1.0,2.0,0.0,,,,0.0,,,,,,,,,,,,,,,,30.506059999999998,75.28042500000001,2026-06-04T08:28:00+00:00,2026-06-04T08:28:00+00:00,,false,false,,unavailable,4,Normal,,"{""VIIRS_NOAA21_NRT"": 2}","[{""count"": 2, ""first_acquired_at"": ""2026-06-04T08:28:00+00:00"", ""instrument"": ""VIIRS"", ""last_acquired_at"": ""2026-06-04T08:28:00+00:00"", ""satellite"": ""N21"", ""source_dataset"": ""VIIRS_NOAA21_NRT"", ""version"": ""2.0NRT""}]",2,0,1,1,346.085,310.49,,,0.4,0.45,0,0,2,0,2,0,1,11.04,11.04,,,1.0,0.0,False,346.085,310.49,,
TG-firms-1622cc4c454957a02bf1,,,false,,,false,7.376,9.31,,,,25.9,5.0,0.0,1.4401154511825331,2.0,0.19305019305019305,3.0,,,,0.0,,,,,,,,,,,,,,,,18.622967999999997,81.065944,2026-04-26T07:48:00+00:00,2026-04-27T09:42:00+00:00,,false,false,,unavailable,13,Normal,,"{""MODIS_SP"": 1, ""VIIRS_SNPP_SP"": 4}","[{""count"": 1, ""first_acquired_at"": ""2026-04-27T09:42:00+00:00"", ""instrument"": ""MODIS"", ""last_acquired_at"": ""2026-04-27T09:42:00+00:00"", ""satellite"": ""Aqua"", ""source_dataset"": ""MODIS_SP"", ""version"": ""61.03""}, {""count"": 4, ""first_acquired_at"": ""2026-04-26T07:48:00+00:00"", ""instrument"": ""VIIRS"", ""last_acquired_at"": ""2026-04-27T07:29:00+00:00"", ""satellite"": ""N"", ""source_dataset"": ""VIIRS_SNPP_SP"", ""version"": ""2""}]",4,1,2,2,345.595,306.03,323.8,305.3,0.548,0.518,4,0,0,1,5,0,2,6.970000000000001,9.31,9.0,9.0,1.0,0.0,True,345.595,306.03,323.8,305.3
TG-firms-1649214d786f9ef6bbb2,,,false,,,false,2.09,2.09,311.86,311.86,0.5,0.0,1.0,1.0,0.0,1.0,1.0,0.0,,,,0.0,,,,,,,,,,,,,,,,22.34159,69.85518,2026-05-27T20:57:00+00:00,2026-05-27T20:57:00+00:00,,false,false,,unavailable,1,Normal,,"{""VIIRS_NOAA20_SP"": 1}","[{""count"": 1, ""first_acquired_at"": ""2026-05-27T20:57:00+00:00"", ""instrument"": ""VIIRS"", ""last_acquired_at"": ""2026-05-27T20:57:00+00:00"", ""satellite"": ""N20"", ""source_dataset"": ""VIIRS_NOAA20_SP"", ""version"": ""2""}]",1,0,1,1,311.86,301.57,,,0.4,0.37,0,1,0,0,1,0,1,2.09,2.09,,,0.0,1.0,False,311.86,301.57,,
TG-firms-16b63ed1e9611db6d1e9,,,false,,,false,100.644,297.17,345.335,367.0,0.15,0.0,10.0,0.0,1.7019163498031968,1.0,10.0,1.0,,,,0.0,,,,,,,,,,,,,,,,19.322039,80.88968700000001,2026-04-26T07:48:00+00:00,2026-04-26T07:48:00+00:00,,false,false,,unavailable,50,Medium,,"{""VIIRS_SNPP_SP"": 10}","[{""count"": 10, ""first_acquired_at"": ""2026-04-26T07:48:00+00:00"", ""instrument"": ""VIIRS"", ""last_acquired_at"": ""2026-04-26T07:48:00+00:00"", ""satellite"": ""N"", ""source_dataset"": ""VIIRS_SNPP_SP"", ""version"": ""2""}]",10,0,1,1,345.33500000000004,321.438,,,0.419,0.37,10,0,0,0,10,0,1,100.644,297.17,,,1.0,0.0,False,345.33500000000004,321.438,,
TG-firms-16e02b99ebb1fe467d85,,,false,,,false,4.87,4.87,331.07,331.07,0.0,0.0,1.0,0.0,0.0,1.0,1.0,0.0,,,,0.0,,,,,,,,,,,,,,,,18.80699,81.10023,2026-04-24T08:26:00+00:00,2026-04-24T08:26:00+00:00,,false,false,,unavailable,2,Normal,,"{""VIIRS_SNPP_SP"": 1}","[{""count"": 1, ""first_acquired_at"": ""2026-04-24T08:26:00+00:00"", ""instrument"": ""VIIRS"", ""last_acquired_at"": ""2026-04-24T08:26:00+00:00"", ""satellite"": ""N"", ""source_dataset"": ""VIIRS_SNPP_SP"", ""version"": ""2""}]",1,0,1,1,331.07,302.75,,,0.54,0.51,1,0,0,0,1,0,1,4.87,4.87,,,1.0,0.0,False,331.07,302.75,,
TG-firms-17a1d9abb72d51592396,korba_aug_2026,agricultural_vegetation_fire,true,PRAGYAX_review,NASA FIRMS: https://firms.modaps.eosdis.nasa.gov/map/index.html ; OSM industrial context verified at <coordinates>; repeated FIRMS observations verified from ThermaGuard historical data,false,11.753333333333332,15.08,340.06333333333333,343.75,0.5,0.0,3.0,0.0,0.5981243113294894,1.0,3.0,0.0,,,,0.0,0.0,,1219.5,0.0,,3439.9,144.4,8.0,13.0,0.1397,,,1.0,0.0,0.0,21.104756666666667,72.64248333333333,2026-08-05T07:58:00+00:00,2026-08-05T07:58:00+00:00,industrial,true,true,,unavailable,25,Normal,ArcelorMittal Nippon Steel India; Bhander Power Plant; Hazira II (Essar) Power Plant; Hazira Power Plant; L&T; Shell Energy India Private Limited,,,,,,,,,,,,,,,,,,,,,,,,,,,,,,
TG-firms-184ebea7603dcdd2a9a8,,,false,,,false,2.425,2.88,335.9,336.56,0.0,0.0,2.0,0.0,0.15091761291651357,1.0,2.0,0.0,,,,0.0,,,,,,,,,,,,,,,,19.442230000000002,80.749065,2026-04-25T08:07:00+00:00,2026-04-25T08:07:00+00:00,,false,false,,unavailable,1,Normal,,"{""VIIRS_SNPP_SP"": 2}","[{""count"": 2, ""first_acquired_at"": ""2026-04-25T08:07:00+00:00"", ""instrument"": ""VIIRS"", ""last_acquired_at"": ""2026-04-25T08:07:00+00:00"", ""satellite"": ""N"", ""source_dataset"": ""VIIRS_SNPP_SP"", ""version"": ""2""}]",2,0,1,1,335.9,309.40999999999997,,,0.43,0.38,2,0,0,0,2,0,1,2.425,2.88,,,1.0,0.0,False,335.9,309.40999999999997,,
TG-firms-18d3a2552287667d6c8b,,,false,,,false,4.635,4.94,336.58000000000004,336.85,0.5,0.0,2.0,0.0,0.17654732761688696,1.0,2.0,0.0,,,,0.0,,,,,,,,,,,,,,,,19.627995,80.892745,2026-04-24T08:26:00+00:00,2026-04-24T08:26:00+00:00,,false,false,,unavailable,2,Normal,,"{""VIIRS_SNPP_SP"": 2}","[{""count"": 2, ""first_acquired_at"": ""2026-04-24T08:26:00+00:00"", ""instrument"": ""VIIRS"", ""last_acquired_at"": ""2026-04-24T08:26:00+00:00"", ""satellite"": ""N"", ""source_dataset"": ""VIIRS_SNPP_SP"", ""version"": ""2""}]",2,0,1,1,336.58000000000004,302.95,,,0.535,0.5,2,0,0,0,2,0,1,4.635,4.94,,,1.0,0.0,False,336.58000000000004,302.95,,
TG-firms-1a552a72d32d2aa6ff08,angul_talcher_sep_2026,possible_false_positive,true,PRAGYAX_review,NASA FIRMS: https://firms.modaps.eosdis.nasa.gov/map/index.html ; project FIRMS observation and stored geospatial context reviewed,false,1.9216666666666666,3.59,302.11333333333334,309.48,0.5,0.0,12.0,1.0,2.001257034955021,1.0,12.0,1.0,,,,0.0,,,,,,,,,,,,,,,,20.965723333333333,85.17438666666666,2026-09-08T19:49:00+00:00,2026-09-08T19:49:00+00:00,,false,false,,unavailable,1,Normal,,,,,,,,,,,,,,,,,,,,,,,,,,,,,,,
TG-firms-1a74190a4abd22ccee76,angul_talcher_sep_2026,persistent_industrial_thermal_source,true,PRAGYAX_review,NASA FIRMS: https://firms.modaps.eosdis.nasa.gov/map/index.html ; project FIRMS observation and stored geospatial context reviewed,false,2.924090909090909,6.38,318.9190909090909,345.88,0.5,12.466666666666667,22.0,0.7272727272727273,3.7044705545573224,1.0,1.7647058823529411,0.0,,,,0.0,,,,,,,,,,,,,,,,20.96967409090909,85.16673409090909,2026-09-05T08:18:00+00:00,2026-09-05T20:46:00+00:00,,false,false,,unavailable,9,Normal,,,,,,,,,,,,,,,,,,,,,,,,,,,,,,,
TG-firms-1bf609f8cbb5cb8070d5,,,false,,,false,1.19,1.19,330.67,330.67,0.0,0.0,1.0,0.0,1.7324794783965675e-13,1.0,1.0,0.0,,,,0.0,,,,,,,,,,,,,,,,19.24091,80.60095,2026-05-30T07:30:00+00:00,2026-05-30T07:30:00+00:00,,false,false,,unavailable,5,Normal,,"{""VIIRS_NOAA20_SP"": 1}","[{""count"": 1, ""first_acquired_at"": ""2026-05-30T07:30:00+00:00"", ""instrument"": ""VIIRS"", ""last_acquired_at"": ""2026-05-30T07:30:00+00:00"", ""satellite"": ""N20"", ""source_dataset"": ""VIIRS_NOAA20_SP"", ""version"": ""2""}]",1,0,1,1,330.67,304.68,,,0.42,0.45,0,1,0,0,1,0,1,1.19,1.19,,,1.0,0.0,False,330.67,304.68,,
TG-firms-1c1c2df52d65f438a6de,,,false,,,false,3.0812500000000003,8.8,,,,25.9,8.0,0.375,1.103802235409041,2.0,0.3088803088803089,2.0,,,,0.0,,,,,,,,,,,,,,,,18.8819525,81.00505875,2026-04-26T07:48:00+00:00,2026-04-27T09:42:00+00:00,,false,false,,unavailable,13,Normal,,"{""MODIS_SP"": 1, ""VIIRS_SNPP_SP"": 7}","[{""count"": 1, ""first_acquired_at"": ""2026-04-27T09:42:00+00:00"", ""instrument"": ""MODIS"", ""last_acquired_at"": ""2026-04-27T09:42:00+00:00"", ""satellite"": ""Aqua"", ""source_dataset"": ""MODIS_SP"", ""version"": ""61.03""}, {""count"": 7, ""first_acquired_at"": ""2026-04-26T07:48:00+00:00"", ""instrument"": ""VIIRS"", ""last_acquired_at"": ""2026-04-27T07:29:00+00:00"", ""satellite"": ""N"", ""source_dataset"": ""VIIRS_SNPP_SP"", ""version"": ""2""}]",7,1,2,2,321.82714285714286,298.15714285714284,323.9,306.3,0.49,0.45875,7,0,0,1,8,0,2,2.2642857142857142,5.3,8.8,8.8,0.625,0.375,True,321.82714285714286,298.15714285714284,323.9,306.3
TG-firms-1c1c6c3218625af79920,,,false,,,false,16.18,19.0,351.425,351.97,0.5,0.0,2.0,0.0,0.1935803368309384,1.0,2.0,0.0,,,,0.0,,,,,,,,,,,,,,,,22.26379,70.25693,2026-04-23T08:46:00+00:00,2026-04-23T08:46:00+00:00,,false,false,,unavailable,7,Normal,,"{""VIIRS_SNPP_SP"": 2}","[{""count"": 2, ""first_acquired_at"": ""2026-04-23T08:46:00+00:00"", ""instrument"": ""VIIRS"", ""last_acquired_at"": ""2026-04-23T08:46:00+00:00"", ""satellite"": ""N"", ""source_dataset"": ""VIIRS_SNPP_SP"", ""version"": ""2""}]",2,0,1,1,351.425,324.15,,,0.42,0.38,2,0,0,0,2,0,1,16.18,19.0,,,1.0,0.0,False,351.425,324.15,,
TG-firms-1d44afabfcb3efa09c49,,,false,,,false,1.67,1.67,307.7,307.7,0.5,0.0,1.0,1.0,0.0,1.0,1.0,0.0,,,,0.0,,,,,,,,,,,,,,,,19.79739,81.16652,2026-04-26T20:18:00+00:00,2026-04-26T20:18:00+00:00,,false,false,,unavailable,1,Normal,,"{""VIIRS_SNPP_SP"": 1}","[{""count"": 1, ""first_acquired_at"": ""2026-04-26T20:18:00+00:00"", ""instrument"": ""VIIRS"", ""last_acquired_at"": ""2026-04-26T20:18:00+00:00"", ""satellite"": ""N"", ""source_dataset"": ""VIIRS_SNPP_SP"", ""version"": ""2""}]",1,0,1,1,307.7,296.44,,,0.39,0.36,1,0,0,0,1,0,1,1.67,1.67,,,0.0,1.0,False,307.7,296.44,,
TG-firms-1db92e3022a519047ae3,punjab_sep_2026,industrial_fire,true,PRAGYAX_review,NASA FIRMS: https://firms.modaps.eosdis.nasa.gov/map/index.html ; OSM industrial context verified at <coordinates>; repeated FIRMS observations verified from ThermaGuard historical data,false,2.1125,3.3,304.36125,314.08,0.5,1.6666666666666667,8.0,1.0,0.8670217782966271,1.0,4.8,5.0,5.546666666666667,15.08,3.8228961897725884,1.0,0.0,,1368.2,0.0,,3226.8,363.5,8.0,13.0,,,,1.0,0.0,0.0,21.10611125,72.6391075,2026-08-22T20:10:00+00:00,2026-08-22T21:50:00+00:00,industrial,true,false,39.971526871383034,above_baseline,26,Normal,ArcelorMittal Nippon Steel India; Bhander Power Plant; Hazira II (Essar) Power Plant; Hazira Power Plant; L&T; Shell Energy India Private Limited,,,,,,,,,,,,,,,,,,,,,,,,,,,,,,
TG-firms-1e666ea456c1f9fd6ef3,,,false,,,false,3.605,5.47,336.625,337.09,0.0,0.0,2.0,0.0,0.9768303231055743,1.0,2.0,2.0,,,,0.0,,,,,,,,,,,,,,,,19.110345,80.548705,2026-04-26T07:48:00+00:00,2026-04-26T07:48:00+00:00,,false,false,,unavailable,2,Normal,,"{""VIIRS_SNPP_SP"": 2}","[{""count"": 2, ""first_acquired_at"": ""2026-04-26T07:48:00+00:00"", ""instrument"": ""VIIRS"", ""last_acquired_at"": ""2026-04-26T07:48:00+00:00"", ""satellite"": ""N"", ""source_dataset"": ""VIIRS_SNPP_SP"", ""version"": ""2""}]",2,0,1,1,336.625,308.155,,,0.43,0.38,2,0,0,0,2,0,1,3.605,5.47,,,1.0,0.0,False,336.625,308.155,,
TG-firms-1eaa2099ab938c7f656d,,,false,,,false,4.37,6.41,338.7033333333333,343.55,0.16666666666666666,23.683333333333334,3.0,0.0,0.9740565702537626,2.0,0.1266713581984518,0.0,,,,0.0,,,,,,,,,,,,,,,,19.459453333333332,81.54554666666667,2026-04-25T08:07:00+00:00,2026-04-26T07:48:00+00:00,,false,false,,unavailable,12,Normal,,"{""VIIRS_SNPP_SP"": 3}","[{""count"": 3, ""first_acquired_at"": ""2026-04-25T08:07:00+00:00"", ""instrument"": ""VIIRS"", ""last_acquired_at"": ""2026-04-26T07:48:00+00:00"", ""satellite"": ""N"", ""source_dataset"": ""VIIRS_SNPP_SP"", ""version"": ""2""}]",3,0,1,1,338.7033333333333,307.32666666666665,,,0.42000000000000004,0.37666666666666665,3,0,0,0,3,0,1,4.37,6.41,,,1.0,0.0,False,338.7033333333333,307.32666666666665,,
TG-firms-1fe0cde0eb3df0a751cf,,,false,,,false,2.44,2.44,337.88,337.88,0.0,0.0,1.0,0.0,0.0,1.0,1.0,0.0,,,,0.0,,,,,,,,,,,,,,,,18.51679,80.60045,2026-04-25T08:07:00+00:00,2026-04-25T08:07:00+00:00,,false,false,,unavailable,1,Normal,,"{""VIIRS_SNPP_SP"": 1}","[{""count"": 1, ""first_acquired_at"": ""2026-04-25T08:07:00+00:00"", ""instrument"": ""VIIRS"", ""last_acquired_at"": ""2026-04-25T08:07:00+00:00"", ""satellite"": ""N"", ""source_dataset"": ""VIIRS_SNPP_SP"", ""version"": ""2""}]",1,0,1,1,337.88,309.23,,,0.42,0.37,1,0,0,0,1,0,1,2.44,2.44,,,1.0,0.0,False,337.88,309.23,,
TG-firms-204fc0360f2ea418edeb,,,false,,,false,2.775,3.6,331.695,332.56,0.0,0.0,2.0,0.0,0.2605936491879224,1.0,2.0,1.0,,,,0.0,,,,,,,,,,,,,,,,19.78339,80.96669,2026-04-27T07:30:00+00:00,2026-04-27T07:30:00+00:00,,false,false,,unavailable,1,Normal,,"{""VIIRS_SNPP_SP"": 2}","[{""count"": 2, ""first_acquired_at"": ""2026-04-27T07:30:00+00:00"", ""instrument"": ""VIIRS"", ""last_acquired_at"": ""2026-04-27T07:30:00+00:00"", ""satellite"": ""N"", ""source_dataset"": ""VIIRS_SNPP_SP"", ""version"": ""2""}]",2,0,1,1,331.695,304.31,,,0.47,0.48,2,0,0,0,2,0,1,2.775,3.6,,,1.0,0.0,False,331.695,304.31,,
TG-firms-22a96526441c78d1591f,,,false,,,false,4.05,4.05,337.66,337.66,0.5,0.0,1.0,0.0,0.0,1.0,1.0,0.0,,,,0.0,,,,,,,,,,,,,,,,30.89894,75.55276,2026-06-01T07:44:00+00:00,2026-06-01T07:44:00+00:00,,false,false,,unavailable,1,Normal,,"{""VIIRS_NOAA21_NRT"": 1}","[{""count"": 1, ""first_acquired_at"": ""2026-06-01T07:44:00+00:00"", ""instrument"": ""VIIRS"", ""last_acquired_at"": ""2026-06-01T07:44:00+00:00"", ""satellite"": ""N21"", ""source_dataset"": ""VIIRS_NOAA21_NRT"", ""version"": ""2.0NRT""}]",1,0,1,1,337.66,305.43,,,0.51,0.41,0,0,1,0,1,0,1,4.05,4.05,,,1.0,0.0,False,337.66,305.43,,
TG-firms-22e42f6d1267c753c013,,,false,,,false,1.74,1.77,331.21000000000004,332.11,0.5,0.0,2.0,0.0,0.28411182266297996,1.0,2.0,2.0,,,,0.0,,,,,,,,,,,,,,,,19.364325,80.86078499999999,2026-05-27T08:27:00+00:00,2026-05-27T08:27:00+00:00,,false,false,,unavailable,1,Normal,,"{""VIIRS_NOAA20_SP"": 2}","[{""count"": 2, ""first_acquired_at"": ""2026-05-27T08:27:00+00:00"", ""instrument"": ""VIIRS"", ""last_acquired_at"": ""2026-05-27T08:27:00+00:00"", ""satellite"": ""N20"", ""source_dataset"": ""VIIRS_NOAA20_SP"", ""version"": ""2""}]",2,0,1,1,331.21000000000004,289.41499999999996,,,0.33,0.55,0,2,0,0,2,0,1,1.74,1.77,,,1.0,0.0,False,331.21000000000004,289.41499999999996,,
TG-firms-23ee1a468177537fc6bd,,,false,,,false,2.01,2.01,335.31,335.31,0.5,0.0,1.0,0.0,8.515130439153969e-14,1.0,1.0,0.0,,,,0.0,,,,,,,,,,,,,,,,19.40005,81.08847,2026-04-26T07:48:00+00:00,2026-04-26T07:48:00+00:00,,false,false,,unavailable,1,Normal,,"{""VIIRS_SNPP_SP"": 1}","[{""count"": 1, ""first_acquired_at"": ""2026-04-26T07:48:00+00:00"", ""instrument"": ""VIIRS"", ""last_acquired_at"": ""2026-04-26T07:48:00+00:00"", ""satellite"": ""N"", ""source_dataset"": ""VIIRS_SNPP_SP"", ""version"": ""2""}]",1,0,1,1,335.31,305.1,,,0.41,0.37,1,0,0,0,1,0,1,2.01,2.01,,,1.0,0.0,False,335.31,305.1,,
TG-firms-2416cd4cbdc43ad645b6,,,false,,,false,1.2,1.2,308.29,308.29,0.5,0.0,1.0,1.0,0.0,1.0,1.0,1.0,,,,0.0,,,,,,,,,,,,,,,,19.7572,81.89786,2026-04-26T20:18:00+00:00,2026-04-26T20:18:00+00:00,,false,false,,unavailable,0,Normal,,"{""VIIRS_SNPP_SP"": 1}","[{""count"": 1, ""first_acquired_at"": ""2026-04-26T20:18:00+00:00"", ""instrument"": ""VIIRS"", ""last_acquired_at"": ""2026-04-26T20:18:00+00:00"", ""satellite"": ""N"", ""source_dataset"": ""VIIRS_SNPP_SP"", ""version"": ""2""}]",1,0,1,1,308.29,295.48,,,0.38,0.36,1,0,0,0,1,0,1,1.2,1.2,,,0.0,1.0,False,308.29,295.48,,
TG-firms-24990e6f126f7a06ee8f,,,false,,,false,1.69,1.69,338.53,338.53,0.5,0.0,1.0,0.0,0.0,1.0,1.0,0.0,,,,0.0,,,,,,,,,,,,,,,,19.30367,80.61047,2026-04-24T08:26:00+00:00,2026-04-24T08:26:00+00:00,,false,false,,unavailable,1,Normal,,"{""VIIRS_SNPP_SP"": 1}","[{""count"": 1, ""first_acquired_at"": ""2026-04-24T08:26:00+00:00"", ""instrument"": ""VIIRS"", ""last_acquired_at"": ""2026-04-24T08:26:00+00:00"", ""satellite"": ""N"", ""source_dataset"": ""VIIRS_SNPP_SP"", ""version"": ""2""}]",1,0,1,1,338.53,309.39,,,0.51,0.49,1,0,0,0,1,0,1,1.69,1.69,,,1.0,0.0,False,338.53,309.39,,
TG-firms-2554f907180b5b393276,,,false,,,false,8.106666666666667,11.97,336.80333333333334,344.78,0.5,0.0,3.0,0.0,0.30364709180624117,1.0,3.0,0.0,,,,0.0,,,,,,,,,,,,,,,,31.312363333333334,75.34132333333334,2026-06-02T07:26:00+00:00,2026-06-02T07:26:00+00:00,,false,false,,unavailable,4,Normal,,"{""VIIRS_NOAA21_NRT"": 3}","[{""count"": 3, ""first_acquired_at"": ""2026-06-02T07:26:00+00:00"", ""instrument"": ""VIIRS"", ""last_acquired_at"": ""2026-06-02T07:26:00+00:00"", ""satellite"": ""N21"", ""source_dataset"": ""VIIRS_NOAA21_NRT"", ""version"": ""2.0NRT""}]",3,0,1,1,336.80333333333334,300.1533333333333,,,0.63,0.54,0,0,3,0,3,0,1,8.106666666666667,11.97,,,1.0,0.0,False,336.80333333333334,300.1533333333333,,
TG-firms-2606e4c4cf96c3c58de7,,,false,,,false,0.93,0.93,333.69,333.69,0.0,0.0,1.0,0.0,0.0,1.0,1.0,1.0,,,,0.0,,,,,,,,,,,,,,,,19.13736,80.52315,2026-04-26T07:48:00+00:00,2026-04-26T07:48:00+00:00,,false,false,,unavailable,0,Normal,,"{""VIIRS_SNPP_SP"": 1}","[{""count"": 1, ""first_acquired_at"": ""2026-04-26T07:48:00+00:00"", ""instrument"": ""VIIRS"", ""last_acquired_at"": ""2026-04-26T07:48:00+00:00"", ""satellite"": ""N"", ""source_dataset"": ""VIIRS_SNPP_SP"", ""version"": ""2""}]",1,0,1,1,333.69,308.26,,,0.43,0.38,1,0,0,0,1,0,1,0.93,0.93,,,1.0,0.0,False,333.69,308.26,,
TG-firms-2637788216133c6392b7,,,false,,,false,47.24666666666667,183.7,,,,2.216666666666667,6.0,0.0,1.6914206782387318,1.0,2.706766917293233,0.0,,,,0.0,,,,,,,,,,,,,,,,19.234213333333333,81.19690666666666,2026-04-27T07:29:00+00:00,2026-04-27T09:42:00+00:00,,false,false,,unavailable,51,Medium,,"{""MODIS_SP"": 4, ""VIIRS_SNPP_SP"": 2}","[{""count"": 4, ""first_acquired_at"": ""2026-04-27T09:42:00+00:00"", ""instrument"": ""MODIS"", ""last_acquired_at"": ""2026-04-27T09:42:00+00:00"", ""satellite"": ""Aqua"", ""source_dataset"": ""MODIS_SP"", ""version"": ""61.03""}, {""count"": 2, ""first_acquired_at"": ""2026-04-27T07:29:00+00:00"", ""instrument"": ""VIIRS"", ""last_acquired_at"": ""2026-04-27T07:29:00+00:00"", ""satellite"": ""N"", ""source_dataset"": ""VIIRS_SNPP_SP"", ""version"": ""2""}]",2,4,2,2,343.72,304.06,349.55,307.3,0.8233333333333334,0.8233333333333334,2,0,0,4,6,0,2,6.34,6.72,67.7,183.7,1.0,0.0,True,343.72,304.06,349.55,307.3
TG-firms-26858cf89050b31e6519,angul_talcher_aug_2026,persistent_industrial_thermal_source,true,PRAGYAX_review,NASA FIRMS: https://firms.modaps.eosdis.nasa.gov/map/index.html ; OSM industrial context verified at <coordinates>; repeated FIRMS observations verified from ThermaGuard historical data,false,2.4074999999999998,5.89,310.3525,330.75,0.5,23.683333333333334,4.0,1.0,0.6450060429379941,2.0,0.1688951442646024,9.0,4.302062289562289,15.08,3.3382616560981657,1.0,0.0,,1396.7,0.0,,3466.4,82.0,8.0,13.0,0.149,,,1.0,0.0,0.0,21.1041925,72.640885,2026-08-30T20:59:00+00:00,2026-08-31T20:40:00+00:00,industrial,true,true,76.95056581298391,above_baseline,40,Medium,ArcelorMittal Nippon Steel India; Bhander Power Plant; Hazira II (Essar) Power Plant; Hazira Power Plant; L&T; Shell Energy India Private Limited,,,,,,,,,,,,,,,,,,,,,,,,,,,,,,
TG-firms-26e919eb0bd19377b1c3,,,false,,,false,8.793333333333335,10.07,341.09999999999997,344.04,0.0,0.0,3.0,0.0,0.6953920322006457,1.0,3.0,0.0,,,,0.0,,,,,,,,,,,,,,,,19.71916,80.90762000000001,2026-04-26T07:48:00+00:00,2026-04-26T07:48:00+00:00,,false,false,,unavailable,4,Normal,,"{""VIIRS_SNPP_SP"": 3}","[{""count"": 3, ""first_acquired_at"": ""2026-04-26T07:48:00+00:00"", ""instrument"": ""VIIRS"", ""last_acquired_at"": ""2026-04-26T07:48:00+00:00"", ""satellite"": ""N"", ""source_dataset"": ""VIIRS_SNPP_SP"", ""version"": ""2""}]",3,0,1,1,341.1,312.99333333333334,,,0.41,0.37,3,0,0,0,3,0,1,8.793333333333333,10.07,,,1.0,0.0,False,341.1,312.99333333333334,,
TG-firms-282af6fd7ea10a849437,,,false,,,false,3.8733333333333335,4.19,337.7966666666667,342.52,0.16666666666666666,0.8166666666666667,3.0,0.0,0.27820142225529526,1.0,3.0,1.0,,,,0.0,,,,,,,,,,,,,,,,31.389693333333337,76.03705666666667,2026-06-04T07:39:00+00:00,2026-06-04T08:28:00+00:00,,false,false,,unavailable,2,Normal,,"{""VIIRS_NOAA20_NRT"": 2, ""VIIRS_NOAA21_NRT"": 1}","[{""count"": 2, ""first_acquired_at"": ""2026-06-04T07:39:00+00:00"", ""instrument"": ""VIIRS"", ""last_acquired_at"": ""2026-06-04T07:39:00+00:00"", ""satellite"": ""N20"", ""source_dataset"": ""VIIRS_NOAA20_NRT"", ""version"": ""2.0NRT""}, {""count"": 1, ""first_acquired_at"": ""2026-06-04T08:28:00+00:00"", ""instrument"": ""VIIRS"", ""last_acquired_at"": ""2026-06-04T08:28:00+00:00"", ""satellite"": ""N21"", ""source_dataset"": ""VIIRS_NOAA21_NRT"", ""version"": ""2.0NRT""}]",3,0,2,1,337.7966666666667,307.17,,,0.5266666666666667,0.4433333333333333,0,2,1,0,3,0,1,3.8733333333333335,4.19,,,1.0,0.0,True,337.7966666666667,307.17,,
TG-firms-28a32527102c47501ad8,,,false,,,false,7.846666666666667,8.7,,,,25.9,6.0,0.0,1.7851821283060592,2.0,0.23166023166023167,4.0,,,,0.0,,,,,,,,,,,,,,,,18.59946,81.03749666666667,2026-04-26T07:48:00+00:00,2026-04-27T09:42:00+00:00,,false,false,,unavailable,13,Normal,,"{""MODIS_SP"": 1, ""VIIRS_SNPP_SP"": 5}","[{""count"": 1, ""first_acquired_at"": ""2026-04-27T09:42:00+00:00"", ""instrument"": ""MODIS"", ""last_acquired_at"": ""2026-04-27T09:42:00+00:00"", ""satellite"": ""Aqua"", ""source_dataset"": ""MODIS_SP"", ""version"": ""61.03""}, {""count"": 5, ""first_acquired_at"": ""2026-04-26T07:48:00+00:00"", ""instrument"": ""VIIRS"", ""last_acquired_at"": ""2026-04-27T07:29:00+00:00"", ""satellite"": ""N"", ""source_dataset"": ""VIIRS_SNPP_SP"", ""version"": ""2""}]",5,1,2,2,338.18,305.266,323.8,306.1,0.5283333333333333,0.495,5,0,0,1,6,0,2,7.675999999999999,7.81,8.7,8.7,1.0,0.0,True,338.18,305.266,323.8,306.1
TG-firms-28cdedb033f322e8c576,angul_talcher_sep_2026,possible_false_positive,true,PRAGYAX_review,NASA FIRMS: https://firms.modaps.eosdis.nasa.gov/map/index.html ; project FIRMS observation and stored geospatial context reviewed,false,1.3824999999999998,1.96,300.4225,306.75,0.5,0.0,4.0,1.0,0.4250740852531128,1.0,4.0,3.0,,,,0.0,,,,,,,,,,,,,,,,20.8645775,84.9890925,2026-09-08T19:49:00+00:00,2026-09-08T19:49:00+00:00,,false,false,,unavailable,1,Normal,,,,,,,,,,,,,,,,,,,,,,,,,,,,,,,
TG-firms-29fb212ac18f3c92afd3,,,false,,,false,3.1233333333333335,3.58,337.05,342.76,0.3333333333333333,0.0,3.0,0.0,0.389299966176627,1.0,3.0,0.0,,,,0.0,,,,,,,,,,,,,,,,18.691670000000002,81.00574333333333,2026-04-24T08:26:00+00:00,2026-04-24T08:26:00+00:00,,false,false,,unavailable,1,Normal,,"{""VIIRS_SNPP_SP"": 3}","[{""count"": 3, ""first_acquired_at"": ""2026-04-24T08:26:00+00:00"", ""instrument"": ""VIIRS"", ""last_acquired_at"": ""2026-04-24T08:26:00+00:00"", ""satellite"": ""N"", ""source_dataset"": ""VIIRS_SNPP_SP"", ""version"": ""2""}]",3,0,1,1,337.05,305.25666666666666,,,0.53,0.5,3,0,0,0,3,0,1,3.1233333333333335,3.58,,,1.0,0.0,False,337.05,305.25666666666666,,
TG-firms-2bfeb5591778e04a1a91,,,false,,,false,48.36666666666667,116.2,,,,0.0,3.0,0.0,1.1848451469724106,1.0,3.0,2.0,,,,0.0,,,,,,,,,,,,,,,,19.74983333333333,80.8446,2026-04-27T09:43:00+00:00,2026-04-27T09:43:00+00:00,,false,false,,unavailable,42,Medium,,"{""MODIS_SP"": 3}","[{""count"": 3, ""first_acquired_at"": ""2026-04-27T09:43:00+00:00"", ""instrument"": ""MODIS"", ""last_acquired_at"": ""2026-04-27T09:43:00+00:00"", ""satellite"": ""Aqua"", ""source_dataset"": ""MODIS_SP"", ""version"": ""61.03""}]",0,3,1,1,,,344.53333333333336,310.6333333333333,1.0,1.0,0,0,0,3,3,0,1,,,48.36666666666667,116.2,1.0,0.0,False,,,344.53333333333336,310.6333333333333
TG-firms-2cccb1d15213eca9a6c1,jamnagar_aug_2026,agricultural_vegetation_fire,true,PRAGYAX_review,NASA FIRMS: https://firms.modaps.eosdis.nasa.gov/map/index.html ; OSM industrial context verified at <coordinates>; repeated FIRMS observations verified from ThermaGuard historical data,false,2.5925000000000002,3.24,306.9625,310.48,0.5,0.0,4.0,1.0,0.39916763257439397,1.0,4.0,0.0,,,,0.0,,,,,,,,,,,,,,,,20.864605,84.9909175,2026-08-10T20:34:00+00:00,2026-08-10T20:34:00+00:00,,false,false,,unavailable,1,Normal,,,,,,,,,,,,,,,,,,,,,,,,,,,,,,,
TG-firms-2e2dcb121765f0c09958,hazira_aug_2026,persistent_industrial_thermal_source,true,PRAGYAX_review,"NASA FIRMS: https://firms.modaps.eosdis.nasa.gov/map/index.html ; OSM industrial/factory context verified at 21.1084825,72.64331 ; project historical FIRMS recurrence checked",false,2.5475,4.1,307.8925,316.57,0.5,23.683333333333334,4.0,1.0,0.8935012573412516,2.0,0.1688951442646024,2.0,,,,0.0,0.0,,1036.0,0.0,,3064.0,565.7,8.0,14.0,,,,1.0,0.0,0.0,21.1084825,72.64331,2026-08-14T20:59:00+00:00,2026-08-15T20:40:00+00:00,industrial,true,false,,unavailable,31,Medium,ArcelorMittal Nippon Steel India; Bhander Power Plant; Hazira II (Essar) Power Plant; Hazira Power Plant; L&T; Shell Energy India Private Limited,,,,,,,,,,,,,,,,,,,,,,,,,,,,,,
TG-firms-2ed1e7e5ca8381b56905,,,false,,,false,1.19,1.19,333.16,333.16,0.5,0.0,1.0,0.0,0.0,1.0,1.0,1.0,,,,0.0,,,,,,,,,,,,,,,,19.73486,81.07211,2026-05-30T07:31:00+00:00,2026-05-30T07:31:00+00:00,,false,false,,unavailable,0,Normal,,"{""VIIRS_NOAA20_SP"": 1}","[{""count"": 1, ""first_acquired_at"": ""2026-05-30T07:31:00+00:00"", ""instrument"": ""VIIRS"", ""last_acquired_at"": ""2026-05-30T07:31:00+00:00"", ""satellite"": ""N20"", ""source_dataset"": ""VIIRS_NOAA20_SP"", ""version"": ""2""}]",1,0,1,1,333.16,304.08,,,0.38,0.44,0,1,0,0,1,0,1,1.19,1.19,,,1.0,0.0,False,333.16,304.08,,
TG-firms-2ee891bf3eb035c7bc4d,,,false,,,false,1.0,1.0,331.69,331.69,0.0,0.0,1.0,0.0,0.0,1.0,1.0,3.0,,,,0.0,,,,,,,,,,,,,,,,19.12458,80.54345,2026-05-28T08:08:00+00:00,2026-05-28T08:08:00+00:00,,false,false,,unavailable,0,Normal,,"{""VIIRS_NOAA20_SP"": 1}","[{""count"": 1, ""first_acquired_at"": ""2026-05-28T08:08:00+00:00"", ""instrument"": ""VIIRS"", ""last_acquired_at"": ""2026-05-28T08:08:00+00:00"", ""satellite"": ""N20"", ""source_dataset"": ""VIIRS_NOAA20_SP"", ""version"": ""2""}]",1,0,1,1,331.69,303.8,,,0.48,0.4,0,1,0,0,1,0,1,1.0,1.0,,,1.0,0.0,False,331.69,303.8,,
TG-firms-2f7faa9eaa659532849f,,,false,,,false,9.364999999999998,16.9,341.17499999999995,344.84,0.0,0.0,2.0,0.0,0.3848148714466863,1.0,2.0,3.0,,,,0.0,,,,,,,,,,,,,,,,18.654850000000003,81.06842499999999,2026-04-26T07:48:00+00:00,2026-04-26T07:48:00+00:00,,false,false,,unavailable,6,Normal,,"{""VIIRS_SNPP_SP"": 2}","[{""count"": 2, ""first_acquired_at"": ""2026-04-26T07:48:00+00:00"", ""instrument"": ""VIIRS"", ""last_acquired_at"": ""2026-04-26T07:48:00+00:00"", ""satellite"": ""N"", ""source_dataset"": ""VIIRS_SNPP_SP"", ""version"": ""2""}]",2,0,1,1,341.17499999999995,306.45500000000004,,,0.42,0.37,2,0,0,0,2,0,1,9.364999999999998,16.9,,,1.0,0.0,False,341.17499999999995,306.45500000000004,,
TG-firms-3034ad2b048800c0a8cc,,,false,,,false,99.125,293.6,,,,0.0,4.0,0.0,1.3515572076714741,1.0,4.0,5.0,32.15645238095239,168.58,34.67461788658239,1.0,,,,,,,,,,,,,,,,19.392525,80.96345,2026-04-30T09:58:00+00:00,2026-04-30T09:58:00+00:00,,false,false,100,above_baseline,60,Medium,,"{""MODIS_SP"": 4}","[{""count"": 4, ""first_acquired_at"": ""2026-04-30T09:58:00+00:00"", ""instrument"": ""MODIS"", ""last_acquired_at"": ""2026-04-30T09:58:00+00:00"", ""satellite"": ""Aqua"", ""source_dataset"": ""MODIS_SP"", ""version"": ""61.03""}]",0,4,1,1,,,348.675,306.925,1.3,1.1,0,0,0,4,4,0,1,,,99.125,293.6,1.0,0.0,False,,,348.675,306.925
TG-firms-31fd110e69b921c7164e,,,false,,,false,5.965,6.31,339.53,340.19,0.25,0.0,2.0,0.0,0.17989100491176774,1.0,2.0,0.0,,,,0.0,,,,,,,,,,,,,,,,19.14981,80.56456,2026-04-24T08:26:00+00:00,2026-04-24T08:26:00+00:00,,false,false,,unavailable,2,Normal,,"{""VIIRS_SNPP_SP"": 2}","[{""count"": 2, ""first_acquired_at"": ""2026-04-24T08:26:00+00:00"", ""instrument"": ""VIIRS"", ""last_acquired_at"": ""2026-04-24T08:26:00+00:00"", ""satellite"": ""N"", ""source_dataset"": ""VIIRS_SNPP_SP"", ""version"": ""2""}]",2,0,1,1,339.53,309.03999999999996,,,0.5,0.49,2,0,0,0,2,0,1,5.965,6.31,,,1.0,0.0,False,339.53,309.03999999999996,,
TG-firms-3297f9d156835a0a1537,angul_talcher_sep_2026,possible_false_positive,true,PRAGYAX_review,NASA FIRMS: https://firms.modaps.eosdis.nasa.gov/map/index.html ; project FIRMS observation and stored geospatial context reviewed,false,2.7466666666666666,3.87,304.86999999999995,315.69,0.5,0.0,3.0,1.0,1.1637629988763556,1.0,3.0,1.0,,,,0.0,,,,,,,,,,,,,,,,20.796496666666666,85.25738666666666,2026-09-08T19:49:00+00:00,2026-09-08T19:49:00+00:00,,false,false,,unavailable,1,Normal,,,,,,,,,,,,,,,,,,,,,,,,,,,,,,,
TG-firms-3381f6330a7dfeeea5e8,,,false,,,false,10.06,10.06,338.88,341.52,0.5,0.0,2.0,0.0,0.25769383938987234,1.0,2.0,0.0,,,,0.0,,,,,,,,,,,,,,,,19.574185,81.20867000000001,2026-04-24T08:26:00+00:00,2026-04-24T08:26:00+00:00,,false,false,,unavailable,4,Normal,,"{""VIIRS_SNPP_SP"": 2}","[{""count"": 2, ""first_acquired_at"": ""2026-04-24T08:26:00+00:00"", ""instrument"": ""VIIRS"", ""last_acquired_at"": ""2026-04-24T08:26:00+00:00"", ""satellite"": ""N"", ""source_dataset"": ""VIIRS_SNPP_SP"", ""version"": ""2""}]",2,0,1,1,338.88,300.33500000000004,,,0.56,0.51,2,0,0,0,2,0,1,10.06,10.06,,,1.0,0.0,False,338.88,300.33500000000004,,
TG-firms-3397d3c737eba55ac004,unmapped_sep_2026,industrial_fire,true,PRAGYAX_review,NASA FIRMS: https://firms.modaps.eosdis.nasa.gov/map/index.html ; project FIRMS observation and stored geospatial context reviewed,false,7.09,7.09,338.96,338.96,0.5,0.0,1.0,0.0,0.0,1.0,1.0,0.0,,,,0.0,0.0,,,,,,,1.0,1.0,,,,1.0,0.0,0.0,22.92957,70.10769,2026-09-10T08:26:00+00:00,2026-09-10T08:26:00+00:00,industrial,true,false,,unavailable,13,Normal,Tuna-Tekra Container Terminal,,,,,,,,,,,,,,,,,,,,,,,,,,,,,,
TG-firms-3401e6b2a55fb85a0355,,,false,,,false,67.89,67.89,339.43,339.43,0.0,0.0,1.0,0.0,0.0,1.0,1.0,0.0,,,,0.0,,,,,,,,,,,,,,,,19.76437,80.88118,2026-04-25T08:07:00+00:00,2026-04-25T08:07:00+00:00,,false,false,,unavailable,24,Normal,,"{""VIIRS_SNPP_SP"": 1}","[{""count"": 1, ""first_acquired_at"": ""2026-04-25T08:07:00+00:00"", ""instrument"": ""VIIRS"", ""last_acquired_at"": ""2026-04-25T08:07:00+00:00"", ""satellite"": ""N"", ""source_dataset"": ""VIIRS_SNPP_SP"", ""version"": ""2""}]",1,0,1,1,339.43,309.88,,,0.44,0.38,1,0,0,0,1,0,1,67.89,67.89,,,1.0,0.0,False,339.43,309.88,,
TG-firms-3463a197d809e77535e9,,,false,,,false,3.7249999999999996,3.86,333.87,335.94,0.25,0.0,2.0,0.0,0.13110767110262325,1.0,2.0,0.0,,,,0.0,,,,,,,,,,,,,,,,30.993395,75.87233,2026-06-02T07:26:00+00:00,2026-06-02T07:26:00+00:00,,false,false,,unavailable,1,Normal,,"{""VIIRS_NOAA21_NRT"": 2}","[{""count"": 2, ""first_acquired_at"": ""2026-06-02T07:26:00+00:00"", ""instrument"": ""VIIRS"", ""last_acquired_at"": ""2026-06-02T07:26:00+00:00"", ""satellite"": ""N21"", ""source_dataset"": ""VIIRS_NOAA21_NRT"", ""version"": ""2.0NRT""}]",2,0,1,1,333.87,304.06,,,0.6,0.53,0,0,2,0,2,0,1,3.7249999999999996,3.86,,,1.0,0.0,False,333.87,304.06,,
TG-firms-34beb5f4914d6766742b,angul_talcher_sep_2026,natural_thermal_event,true,PRAGYAX_review,NASA FIRMS: https://firms.modaps.eosdis.nasa.gov/map/index.html ; project FIRMS observation and stored geospatial context reviewed,false,1.3900000000000001,1.48,302.015,305.39,0.5,0.0,2.0,1.0,0.3615765526808857,1.0,2.0,3.0,,,,0.0,,,,,,,,,,,,,,,,20.88789,84.982045,2026-09-08T19:49:00+00:00,2026-09-08T19:49:00+00:00,,false,false,,unavailable,1,Normal,,,,,,,,,,,,,,,,,,,,,,,,,,,,,,,
TG-firms-351b41668a30651dc55f,,,false,,,false,1.45,1.45,332.19,332.19,0.0,0.0,1.0,0.0,0.0,1.0,1.0,1.0,,,,0.0,,,,,,,,,,,,,,,,18.5638,81.1089,2026-04-26T07:48:00+00:00,2026-04-26T07:48:00+00:00,,false,false,,unavailable,1,Normal,,"{""VIIRS_SNPP_SP"": 1}","[{""count"": 1, ""first_acquired_at"": ""2026-04-26T07:48:00+00:00"", ""instrument"": ""VIIRS"", ""last_acquired_at"": ""2026-04-26T07:48:00+00:00"", ""satellite"": ""N"", ""source_dataset"": ""VIIRS_SNPP_SP"", ""version"": ""2""}]",1,0,1,1,332.19,306.56,,,0.41,0.37,1,0,0,0,1,0,1,1.45,1.45,,,1.0,0.0,False,332.19,306.56,,
TG-firms-35265f4a28964440b7a3,,,false,,,false,0.93,0.93,305.72,305.72,0.5,0.0,1.0,1.0,0.0,1.0,1.0,2.0,,,,0.0,,,,,,,,,,,,,,,,19.53485,80.91496,2026-04-26T20:18:00+00:00,2026-04-26T20:18:00+00:00,,false,false,,unavailable,0,Normal,,"{""VIIRS_SNPP_SP"": 1}","[{""count"": 1, ""first_acquired_at"": ""2026-04-26T20:18:00+00:00"", ""instrument"": ""VIIRS"", ""last_acquired_at"": ""2026-04-26T20:18:00+00:00"", ""satellite"": ""N"", ""source_dataset"": ""VIIRS_SNPP_SP"", ""version"": ""2""}]",1,0,1,1,305.72,291.45,,,0.39,0.36,1,0,0,0,1,0,1,0.93,0.93,,,0.0,1.0,False,305.72,291.45,,
TG-firms-354f64e5836d2a13c442,chandrapur_sep_2026,agricultural_vegetation_fire,true,PRAGYAX_review,NASA FIRMS: https://firms.modaps.eosdis.nasa.gov/map/index.html ; project FIRMS observation and stored geospatial context reviewed,false,0.78,0.78,300.58,300.58,0.5,0.0,1.0,1.0,0.0,1.0,1.0,1.0,,,,0.0,,,,,,,,,,,,,,,,19.96099,79.33219,2026-09-08T19:49:00+00:00,2026-09-08T19:49:00+00:00,,false,false,,unavailable,0,Normal,,,,,,,,,,,,,,,,,,,,,,,,,,,,,,,
TG-firms-36a9755f5e2fe8bf056d,,,false,,,false,4.38,4.38,341.46,341.46,0.5,0.0,1.0,0.0,1.5301565531017523e-13,1.0,1.0,1.0,,,,0.0,,,,,,,,,,,,,,,,19.50418,80.94937,2026-04-25T08:07:00+00:00,2026-04-25T08:07:00+00:00,,false,false,,unavailable,2,Normal,,"{""VIIRS_SNPP_SP"": 1}","[{""count"": 1, ""first_acquired_at"": ""2026-04-25T08:07:00+00:00"", ""instrument"": ""VIIRS"", ""last_acquired_at"": ""2026-04-25T08:07:00+00:00"", ""satellite"": ""N"", ""source_dataset"": ""VIIRS_SNPP_SP"", ""version"": ""2""}]",1,0,1,1,341.46,309.57,,,0.44,0.38,1,0,0,0,1,0,1,4.38,4.38,,,1.0,0.0,False,341.46,309.57,,
TG-firms-36af72aeab71915549ea,,,false,,,false,3.76,3.76,336.55,336.55,0.0,0.0,1.0,0.0,4.111816211366515e-14,1.0,1.0,0.0,,,,0.0,,,,,,,,,,,,,,,,19.06378,80.64481,2026-04-26T07:48:00+00:00,2026-04-26T07:48:00+00:00,,false,false,,unavailable,1,Normal,,"{""VIIRS_SNPP_SP"": 1}","[{""count"": 1, ""first_acquired_at"": ""2026-04-26T07:48:00+00:00"", ""instrument"": ""VIIRS"", ""last_acquired_at"": ""2026-04-26T07:48:00+00:00"", ""satellite"": ""N"", ""source_dataset"": ""VIIRS_SNPP_SP"", ""version"": ""2""}]",1,0,1,1,336.55,307.94,,,0.43,0.38,1,0,0,0,1,0,1,3.76,3.76,,,1.0,0.0,False,336.55,307.94,,
TG-firms-36fef45fa0d89027a0f5,,,false,,,false,3.62,3.62,335.34,335.34,0.0,0.0,1.0,0.0,0.0,1.0,1.0,1.0,,,,0.0,,,,,,,,,,,,,,,,18.57447,81.06092,2026-04-25T08:07:00+00:00,2026-04-25T08:07:00+00:00,,false,false,,unavailable,1,Normal,,"{""VIIRS_SNPP_SP"": 1}","[{""count"": 1, ""first_acquired_at"": ""2026-04-25T08:07:00+00:00"", ""instrument"": ""VIIRS"", ""last_acquired_at"": ""2026-04-25T08:07:00+00:00"", ""satellite"": ""N"", ""source_dataset"": ""VIIRS_SNPP_SP"", ""version"": ""2""}]",1,0,1,1,335.34,307.34,,,0.43,0.38,1,0,0,0,1,0,1,3.62,3.62,,,1.0,0.0,False,335.34,307.34,,
TG-firms-3781cbcce63f142a65b5,,,false,,,false,3.72,3.74,332.27,333.19,0.0,0.0,2.0,0.0,0.12671933873498845,1.0,2.0,3.0,,,,0.0,,,,,,,,,,,,,,,,19.232010000000002,81.147525,2026-05-28T08:08:00+00:00,2026-05-28T08:08:00+00:00,,false,false,,unavailable,1,Normal,,"{""VIIRS_NOAA20_SP"": 2}","[{""count"": 2, ""first_acquired_at"": ""2026-05-28T08:08:00+00:00"", ""instrument"": ""VIIRS"", ""last_acquired_at"": ""2026-05-28T08:08:00+00:00"", ""satellite"": ""N20"", ""source_dataset"": ""VIIRS_NOAA20_SP"", ""version"": ""2""}]",2,0,1,1,332.27,303.125,,,0.52,0.41,0,2,0,0,2,0,1,3.72,3.74,,,1.0,0.0,False,332.27,303.125,,
TG-firms-37b7fca05f6de2a7f86d,,,false,,,false,0.8,0.8,304.03,304.03,0.5,0.0,1.0,1.0,0.0,1.0,1.0,0.0,,,,0.0,,,,,,,,,,,,,,,,19.42341,81.01971,2026-04-24T20:56:00+00:00,2026-04-24T20:56:00+00:00,,false,false,,unavailable,5,Normal,,"{""VIIRS_SNPP_SP"": 1}","[{""count"": 1, ""first_acquired_at"": ""2026-04-24T20:56:00+00:00"", ""instrument"": ""VIIRS"", ""last_acquired_at"": ""2026-04-24T20:56:00+00:00"", ""satellite"": ""N"", ""source_dataset"": ""VIIRS_SNPP_SP"", ""version"": ""2""}]",1,0,1,1,304.03,291.04,,,0.33,0.55,1,0,0,0,1,0,1,0.8,0.8,,,0.0,1.0,False,304.03,291.04,,
TG-firms-37cbc7323bbfb657d44f,,,false,,,false,6.8,6.8,342.1,342.1,0.5,0.0,1.0,0.0,0.0,1.0,1.0,0.0,,,,0.0,,,,,,,,,,,,,,,,19.69294,81.93362,2026-04-25T08:07:00+00:00,2026-04-25T08:07:00+00:00,,false,false,,unavailable,2,Normal,,"{""VIIRS_SNPP_SP"": 1}","[{""count"": 1, ""first_acquired_at"": ""2026-04-25T08:07:00+00:00"", ""instrument"": ""VIIRS"", ""last_acquired_at"": ""2026-04-25T08:07:00+00:00"", ""satellite"": ""N"", ""source_dataset"": ""VIIRS_SNPP_SP"", ""version"": ""2""}]",1,0,1,1,342.1,310.16,,,0.49,0.4,1,0,0,0,1,0,1,6.8,6.8,,,1.0,0.0,False,342.1,310.16,,
TG-firms-380e538db10d4a0b26ec,,,false,,,false,9.85,9.85,348.18,348.18,0.5,0.0,1.0,0.0,0.0,1.0,1.0,0.0,,,,0.0,,,,,,,,,,,,,,,,30.48501,75.53075,2026-06-05T08:09:00+00:00,2026-06-05T08:09:00+00:00,,false,false,,unavailable,4,Normal,,"{""VIIRS_NOAA21_NRT"": 1}","[{""count"": 1, ""first_acquired_at"": ""2026-06-05T08:09:00+00:00"", ""instrument"": ""VIIRS"", ""last_acquired_at"": ""2026-06-05T08:09:00+00:00"", ""satellite"": ""N21"", ""source_dataset"": ""VIIRS_NOAA21_NRT"", ""version"": ""2.0NRT""}]",1,0,1,1,348.18,311.87,,,0.4,0.37,0,0,1,0,1,0,1,9.85,9.85,,,1.0,0.0,False,348.18,311.87,,
TG-firms-38ab72a3132001a4c49e,,,false,,,false,2.89,2.89,330.84,330.84,0.0,0.0,1.0,0.0,0.0,1.0,1.0,0.0,,,,0.0,,,,,,,,,,,,,,,,18.7348,81.10745,2026-04-24T08:26:00+00:00,2026-04-24T08:26:00+00:00,,false,false,,unavailable,1,Normal,,"{""VIIRS_SNPP_SP"": 1}","[{""count"": 1, ""first_acquired_at"": ""2026-04-24T08:26:00+00:00"", ""instrument"": ""VIIRS"", ""last_acquired_at"": ""2026-04-24T08:26:00+00:00"", ""satellite"": ""N"", ""source_dataset"": ""VIIRS_SNPP_SP"", ""version"": ""2""}]",1,0,1,1,330.84,303.16,,,0.54,0.51,1,0,0,0,1,0,1,2.89,2.89,,,1.0,0.0,False,330.84,303.16,,
TG-firms-3a47cd8a00afe8d8707e,,,false,,,false,2.26,2.26,333.64,333.64,0.0,0.0,1.0,0.0,0.0,1.0,1.0,0.0,,,,0.0,,,,,,,,,,,,,,,,18.66782,80.9165,2026-04-26T07:48:00+00:00,2026-04-26T07:48:00+00:00,,false,false,,unavailable,1,Normal,,"{""VIIRS_SNPP_SP"": 1}","[{""count"": 1, ""first_acquired_at"": ""2026-04-26T07:48:00+00:00"", ""instrument"": ""VIIRS"", ""last_acquired_at"": ""2026-04-26T07:48:00+00:00"", ""satellite"": ""N"", ""source_dataset"": ""VIIRS_SNPP_SP"", ""version"": ""2""}]",1,0,1,1,333.64,308.1,,,0.42,0.38,1,0,0,0,1,0,1,2.26,2.26,,,1.0,0.0,False,333.64,308.1,,
TG-firms-3a92741ceba276f410ba,,,false,,,false,3.12,3.47,335.91999999999996,336.19,0.0,0.0,2.0,0.0,0.11485101118561265,1.0,2.0,0.0,,,,0.0,,,,,,,,,,,,,,,,19.71232,81.903105,2026-04-25T08:07:00+00:00,2026-04-25T08:07:00+00:00,,false,false,,unavailable,1,Normal,,"{""VIIRS_SNPP_SP"": 2}","[{""count"": 2, ""first_acquired_at"": ""2026-04-25T08:07:00+00:00"", ""instrument"": ""VIIRS"", ""last_acquired_at"": ""2026-04-25T08:07:00+00:00"", ""satellite"": ""N"", ""source_dataset"": ""VIIRS_SNPP_SP"", ""version"": ""2""}]",2,0,1,1,335.91999999999996,307.74,,,0.48,0.4,2,0,0,0,2,0,1,3.12,3.47,,,1.0,0.0,False,335.91999999999996,307.74,,
TG-firms-3ac7ccdc88d020f12789,,,false,,,false,30.357499999999998,51.94,,,,2.216666666666667,4.0,0.0,0.7947194334344775,1.0,1.8045112781954886,1.0,,,,0.0,,,,,,,,,,,,,,,,19.278285,81.02559,2026-04-27T07:29:00+00:00,2026-04-27T09:42:00+00:00,,false,false,,unavailable,20,Normal,,"{""MODIS_SP"": 1, ""VIIRS_SNPP_SP"": 3}","[{""count"": 1, ""first_acquired_at"": ""2026-04-27T09:42:00+00:00"", ""instrument"": ""MODIS"", ""last_acquired_at"": ""2026-04-27T09:42:00+00:00"", ""satellite"": ""Aqua"", ""source_dataset"": ""MODIS_SP"", ""version"": ""61.03""}, {""count"": 3, ""first_acquired_at"": ""2026-04-27T07:29:00+00:00"", ""instrument"": ""VIIRS"", ""last_acquired_at"": ""2026-04-27T07:29:00+00:00"", ""satellite"": ""N"", ""source_dataset"": ""VIIRS_SNPP_SP"", ""version"": ""2""}]",3,1,2,2,346.68333333333334,308.91,329.0,307.3,0.61,0.61,3,0,0,1,4,0,2,35.41,51.94,15.2,15.2,1.0,0.0,True,346.68333333333334,308.91,329.0,307.3
TG-firms-3aef22b1419a0015140b,,,false,,,false,6.63,6.63,341.08,341.08,0.5,0.0,1.0,0.0,0.0,1.0,1.0,0.0,,,,0.0,,,,,,,,,,,,,,,,31.35117,75.16974,2026-06-05T08:09:00+00:00,2026-06-05T08:09:00+00:00,,false,false,,unavailable,2,Normal,,"{""VIIRS_NOAA21_NRT"": 1}","[{""count"": 1, ""first_acquired_at"": ""2026-06-05T08:09:00+00:00"", ""instrument"": ""VIIRS"", ""last_acquired_at"": ""2026-06-05T08:09:00+00:00"", ""satellite"": ""N21"", ""source_dataset"": ""VIIRS_NOAA21_NRT"", ""version"": ""2.0NRT""}]",1,0,1,1,341.08,309.43,,,0.39,0.37,0,0,1,0,1,0,1,6.63,6.63,,,1.0,0.0,False,341.08,309.43,,
TG-firms-3dc353bdec131510ea86,,,false,,,false,4.19,4.19,333.93,333.93,0.0,0.0,1.0,0.0,1.0761720876542641e-14,1.0,1.0,1.0,,,,0.0,,,,,,,,,,,,,,,,18.51662,81.16505,2026-04-26T07:48:00+00:00,2026-04-26T07:48:00+00:00,,false,false,,unavailable,1,Normal,,"{""VIIRS_SNPP_SP"": 1}","[{""count"": 1, ""first_acquired_at"": ""2026-04-26T07:48:00+00:00"", ""instrument"": ""VIIRS"", ""last_acquired_at"": ""2026-04-26T07:48:00+00:00"", ""satellite"": ""N"", ""source_dataset"": ""VIIRS_SNPP_SP"", ""version"": ""2""}]",1,0,1,1,333.93,306.97,,,0.41,0.37,1,0,0,0,1,0,1,4.19,4.19,,,1.0,0.0,False,333.93,306.97,,
TG-firms-3eaaab8eb911e6f04c00,,,false,,,false,98.18,192.99,351.86,367.0,0.5,23.683333333333334,2.0,0.0,0.6072961159146528,2.0,0.0844475721323012,0.0,,,,0.0,,,,,,,,,,,,,,,,19.311014999999998,80.82639499999999,2026-04-25T08:07:00+00:00,2026-04-26T07:48:00+00:00,,false,false,,unavailable,60,Medium,,"{""VIIRS_SNPP_SP"": 2}","[{""count"": 2, ""first_acquired_at"": ""2026-04-25T08:07:00+00:00"", ""instrument"": ""VIIRS"", ""last_acquired_at"": ""2026-04-26T07:48:00+00:00"", ""satellite"": ""N"", ""source_dataset"": ""VIIRS_SNPP_SP"", ""version"": ""2""}]",2,0,1,1,351.86,332.125,,,0.425,0.375,2,0,0,0,2,0,1,98.18,192.99,,,1.0,0.0,False,351.86,332.125,,
TG-firms-3eb80b9c0278c1e5474a,,,false,,,false,2.2,2.2,330.05,330.05,0.0,0.0,1.0,0.0,1.3705041758561426e-13,1.0,1.0,0.0,,,,0.0,,,,,,,,,,,,,,,,31.52288,74.58598,2026-06-02T07:26:00+00:00,2026-06-02T07:26:00+00:00,,false,false,,unavailable,1,Normal,,"{""VIIRS_NOAA21_NRT"": 1}","[{""count"": 1, ""first_acquired_at"": ""2026-06-02T07:26:00+00:00"", ""instrument"": ""VIIRS"", ""last_acquired_at"": ""2026-06-02T07:26:00+00:00"", ""satellite"": ""N21"", ""source_dataset"": ""VIIRS_NOAA21_NRT"", ""version"": ""2.0NRT""}]",1,0,1,1,330.05,301.69,,,0.34,0.56,0,0,1,0,1,0,1,2.2,2.2,,,1.0,0.0,False,330.05,301.69,,
TG-firms-3f3ac6c5502836bfd15b,,,false,,,false,0.91,1.17,307.9733333333333,311.65,0.5,0.0,3.0,1.0,0.6476480160235323,1.0,3.0,0.0,,,,0.0,,,,,,,,,,,,,,,,19.475346666666667,80.66505000000001,2026-04-26T20:18:00+00:00,2026-04-26T20:18:00+00:00,,false,false,,unavailable,0,Normal,,"{""VIIRS_SNPP_SP"": 3}","[{""count"": 3, ""first_acquired_at"": ""2026-04-26T20:18:00+00:00"", ""instrument"": ""VIIRS"", ""last_acquired_at"": ""2026-04-26T20:18:00+00:00"", ""satellite"": ""N"", ""source_dataset"": ""VIIRS_SNPP_SP"", ""version"": ""2""}]",3,0,1,1,307.9733333333333,288.27,,,0.39,0.36,3,0,0,0,3,0,1,0.91,1.17,,,0.0,1.0,False,307.9733333333333,288.27,,
TG-firms-3fb356aa80bd8fbd3b11,,,false,,,false,8.3,8.3,,,,0.0,1.0,0.0,0.0,1.0,1.0,4.0,,,,0.0,,,,,,,,,,,,,,,,19.5057,80.9045,2026-04-27T09:42:00+00:00,2026-04-27T09:42:00+00:00,,false,false,,unavailable,3,Normal,,"{""MODIS_SP"": 1}","[{""count"": 1, ""first_acquired_at"": ""2026-04-27T09:42:00+00:00"", ""instrument"": ""MODIS"", ""last_acquired_at"": ""2026-04-27T09:42:00+00:00"", ""satellite"": ""Aqua"", ""source_dataset"": ""MODIS_SP"", ""version"": ""61.03""}]",0,1,1,1,,,325.1,310.1,1.0,1.0,0,0,0,1,1,0,1,,,8.3,8.3,1.0,0.0,False,,,325.1,310.1
TG-firms-418ce84e27e1ddfd7c34,,,false,,,false,1.9,1.9,308.78,308.78,0.5,0.0,1.0,1.0,0.0,1.0,1.0,1.0,,,,0.0,,,,,,,,,,,,,,,,19.45224,81.27265,2026-04-26T20:18:00+00:00,2026-04-26T20:18:00+00:00,,false,false,,unavailable,1,Normal,,"{""VIIRS_SNPP_SP"": 1}","[{""count"": 1, ""first_acquired_at"": ""2026-04-26T20:18:00+00:00"", ""instrument"": ""VIIRS"", ""last_acquired_at"": ""2026-04-26T20:18:00+00:00"", ""satellite"": ""N"", ""source_dataset"": ""VIIRS_SNPP_SP"", ""version"": ""2""}]",1,0,1,1,308.78,296.37,,,0.39,0.36,1,0,0,0,1,0,1,1.9,1.9,,,0.0,1.0,False,308.78,296.37,,
TG-firms-41e6a8fb321981e2adcd,,,false,,,false,32.78222222222222,100.96,345.3577777777778,367.0,0.6111111111111112,23.683333333333334,9.0,0.0,1.3199255653736526,2.0,0.38001407459535536,0.0,,,,0.0,,,,,,,,,,,,,,,,19.574754444444448,80.88317555555555,2026-04-24T08:26:00+00:00,2026-04-25T08:07:00+00:00,,false,false,,unavailable,46,Medium,,"{""VIIRS_SNPP_SP"": 9}","[{""count"": 9, ""first_acquired_at"": ""2026-04-24T08:26:00+00:00"", ""instrument"": ""VIIRS"", ""last_acquired_at"": ""2026-04-25T08:07:00+00:00"", ""satellite"": ""N"", ""source_dataset"": ""VIIRS_SNPP_SP"", ""version"": ""2""}]",9,0,1,1,345.35777777777776,307.1188888888889,,,0.49,0.44666666666666666,9,0,0,0,9,0,1,32.782222222222224,100.96,,,1.0,0.0,False,345.35777777777776,307.1188888888889,,
TG-firms-423eb0392afa1ab7a4c8,,,false,,,false,193.35,245.5,,,,0.0,2.0,0.0,0.3973667766892489,1.0,2.0,2.0,,,,0.0,,,,,,,,,,,,,,,,19.25835,81.04755,2026-04-28T10:20:00+00:00,2026-04-28T10:20:00+00:00,,false,false,,unavailable,50,Medium,,"{""MODIS_SP"": 2}","[{""count"": 2, ""first_acquired_at"": ""2026-04-28T10:20:00+00:00"", ""instrument"": ""MODIS"", ""last_acquired_at"": ""2026-04-28T10:20:00+00:00"", ""satellite"": ""Aqua"", ""source_dataset"": ""MODIS_SP"", ""version"": ""61.03""}]",0,2,1,1,,,338.04999999999995,296.25,3.4,1.7,0,0,0,2,2,0,1,,,193.35,245.5,1.0,0.0,False,,,338.04999999999995,296.25
TG-firms-439758d35ce9920ad43e,angul_talcher_sep_2026,persistent_industrial_thermal_source,true,PRAGYAX_review,NASA FIRMS: https://firms.modaps.eosdis.nasa.gov/map/index.html ; project FIRMS observation and stored geospatial context reviewed,false,1.4700000000000002,1.61,304.425,305.69,0.5,0.0,2.0,1.0,0.1708540226856562,1.0,2.0,0.0,,,,0.0,,,,,,,,,,,,,,,,20.95599,85.01165,2026-09-05T20:46:00+00:00,2026-09-05T20:46:00+00:00,,false,false,,unavailable,1,Normal,,,,,,,,,,,,,,,,,,,,,,,,,,,,,,,
TG-firms-4532125babe34575e09e,,,false,,,false,10.63,10.63,350.45,350.45,0.5,0.0,1.0,0.0,0.0,1.0,1.0,0.0,,,,0.0,,,,,,,,,,,,,,,,19.79003,80.84106,2026-04-26T07:48:00+00:00,2026-04-26T07:48:00+00:00,,false,false,,unavailable,4,Normal,,"{""VIIRS_SNPP_SP"": 1}","[{""count"": 1, ""first_acquired_at"": ""2026-04-26T07:48:00+00:00"", ""instrument"": ""VIIRS"", ""last_acquired_at"": ""2026-04-26T07:48:00+00:00"", ""satellite"": ""N"", ""source_dataset"": ""VIIRS_SNPP_SP"", ""version"": ""2""}]",1,0,1,1,350.45,312.8,,,0.41,0.37,1,0,0,0,1,0,1,10.63,10.63,,,1.0,0.0,False,350.45,312.8,,
TG-firms-47a0ce669911cae42479,,,false,,,false,4.14,4.14,336.355,338.96,0.25,0.0,2.0,0.0,0.20876656888382417,1.0,2.0,0.0,,,,0.0,,,,,,,,,,,,,,,,31.16508,75.747895,2026-06-01T07:44:00+00:00,2026-06-01T07:44:00+00:00,,false,false,,unavailable,1,Normal,,"{""VIIRS_NOAA21_NRT"": 2}","[{""count"": 2, ""first_acquired_at"": ""2026-06-01T07:44:00+00:00"", ""instrument"": ""VIIRS"", ""last_acquired_at"": ""2026-06-01T07:44:00+00:00"", ""satellite"": ""N21"", ""source_dataset"": ""VIIRS_NOAA21_NRT"", ""version"": ""2.0NRT""}]",2,0,1,1,336.355,304.81,,,0.5,0.41,0,0,2,0,2,0,1,4.14,4.14,,,1.0,0.0,False,336.355,304.81,,
TG-firms-484050869f0b38f9404f,hazira_aug_2026,industrial_fire,true,PRAGYAX_review,NASA FIRMS: https://firms.modaps.eosdis.nasa.gov/map/index.html ; project FIRMS observation and stored geospatial context reviewed,false,0.97,1.2,303.25,305.36,0.5,0.0,2.0,1.0,0.6191367042936229,1.0,2.0,8.0,4.718570075757576,15.08,3.3129565529139517,1.0,,,,,,,,,,,,,,,,21.101914999999998,72.64307500000001,2026-08-28T21:38:00+00:00,2026-08-28T21:38:00+00:00,,false,false,0,within_baseline,0,Normal,,,,,,,,,,,,,,,,,,,,,,,,,,,,,,,
TG-firms-49022c802fca68ade3b9,,,false,,,false,0.89,0.89,309.81,309.81,0.5,0.0,1.0,1.0,0.0,1.0,1.0,0.0,,,,0.0,,,,,,,,,,,,,,,,19.57051,81.68628,2026-04-26T20:18:00+00:00,2026-04-26T20:18:00+00:00,,false,false,,unavailable,5,Normal,,"{""VIIRS_SNPP_SP"": 1}","[{""count"": 1, ""first_acquired_at"": ""2026-04-26T20:18:00+00:00"", ""instrument"": ""VIIRS"", ""last_acquired_at"": ""2026-04-26T20:18:00+00:00"", ""satellite"": ""N"", ""source_dataset"": ""VIIRS_SNPP_SP"", ""version"": ""2""}]",1,0,1,1,309.81,294.04,,,0.38,0.36,1,0,0,0,1,0,1,0.89,0.89,,,0.0,1.0,False,309.81,294.04,,
TG-firms-4ab275ee30da4a906919,,,false,,,false,3.007142857142857,3.92,309.3085714285714,315.32,0.5,24.6,7.0,1.0,0.9451570950269411,2.0,0.2845528455284553,1.0,,,,0.0,,,,,,,,,,,,,,,,22.337407142857142,69.86210142857144,2026-09-09T20:36:00+00:00,2026-09-10T21:12:00+00:00,,false,false,,unavailable,11,Normal,,"{""VIIRS_NOAA20_NRT"": 2, ""VIIRS_NOAA21_NRT"": 2, ""VIIRS_SNPP_NRT"": 3}","[{""count"": 2, ""first_acquired_at"": ""2026-09-10T21:12:00+00:00"", ""instrument"": ""VIIRS"", ""last_acquired_at"": ""2026-09-10T21:12:00+00:00"", ""satellite"": ""N20"", ""source_dataset"": ""VIIRS_NOAA20_NRT"", ""version"": ""2.0NRT""}, {""count"": 2, ""first_acquired_at"": ""2026-09-09T20:36:00+00:00"", ""instrument"": ""VIIRS"", ""last_acquired_at"": ""2026-09-09T20:36:00+00:00"", ""satellite"": ""N21"", ""source_dataset"": ""VIIRS_NOAA21_NRT"", ""version"": ""2.0NRT""}, {""count"": 3, ""first_acquired_at"": ""2026-09-09T21:12:00+00:00"", ""instrument"": ""VIIRS"", ""last_acquired_at"": ""2026-09-10T20:55:00+00:00"", ""satellite"": ""N"", ""source_dataset"": ""VIIRS_SNPP_NRT"", ""version"": ""2.0NRT""}]",7,0,3,1,309.30857142857144,296.1771428571428,,,0.42428571428571427,0.4,3,2,2,0,7,0,1,3.007142857142857,3.92,,,0.0,1.0,True,309.30857142857144,296.1771428571428,,
TG-firms-4b483d75c58cb1985ff9,,,false,,,false,2.6,2.6,338.855,341.09,0.25,0.0,2.0,0.0,0.18989016612645096,1.0,2.0,0.0,,,,0.0,,,,,,,,,,,,,,,,19.41535,81.23616,2026-04-26T07:48:00+00:00,2026-04-26T07:48:00+00:00,,false,false,,unavailable,1,Normal,,"{""VIIRS_SNPP_SP"": 2}","[{""count"": 2, ""first_acquired_at"": ""2026-04-26T07:48:00+00:00"", ""instrument"": ""VIIRS"", ""last_acquired_at"": ""2026-04-26T07:48:00+00:00"", ""satellite"": ""N"", ""source_dataset"": ""VIIRS_SNPP_SP"", ""version"": ""2""}]",2,0,1,1,338.855,307.265,,,0.41,0.37,2,0,0,0,2,0,1,2.6,2.6,,,1.0,0.0,False,338.855,307.265,,
TG-firms-4c359e39da5233bbfeab,,,false,,,false,3.1,3.1,332.99,332.99,0.0,0.0,1.0,0.0,0.0,1.0,1.0,1.0,,,,0.0,,,,,,,,,,,,,,,,19.4984,81.02747,2026-04-27T07:29:00+00:00,2026-04-27T07:29:00+00:00,,false,false,,unavailable,1,Normal,,"{""VIIRS_SNPP_SP"": 1}","[{""count"": 1, ""first_acquired_at"": ""2026-04-27T07:29:00+00:00"", ""instrument"": ""VIIRS"", ""last_acquired_at"": ""2026-04-27T07:29:00+00:00"", ""satellite"": ""N"", ""source_dataset"": ""VIIRS_SNPP_SP"", ""version"": ""2""}]",1,0,1,1,332.99,305.41,,,0.47,0.48,1,0,0,0,1,0,1,3.1,3.1,,,1.0,0.0,False,332.99,305.41,,
TG-firms-4d61d6d97e71f54b11a9,,,false,,,false,11.25,11.25,339.25,339.25,0.0,0.0,1.0,0.0,0.0,1.0,1.0,0.0,,,,0.0,,,,,,,,,,,,,,,,22.33254,69.73302,2026-05-28T08:09:00+00:00,2026-05-28T08:09:00+00:00,,false,false,,unavailable,4,Normal,,"{""VIIRS_NOAA20_SP"": 1}","[{""count"": 1, ""first_acquired_at"": ""2026-05-28T08:09:00+00:00"", ""instrument"": ""VIIRS"", ""last_acquired_at"": ""2026-05-28T08:09:00+00:00"", ""satellite"": ""N20"", ""source_dataset"": ""VIIRS_NOAA20_SP"", ""version"": ""2""}]",1,0,1,1,339.25,312.02,,,0.45,0.47,0,1,0,0,1,0,1,11.25,11.25,,,1.0,0.0,False,339.25,312.02,,
TG-firms-4df9c3392c5fc2430a5c,,,false,,,false,1.4466666666666665,1.88,306.1933333333333,307.77,0.5,0.0,3.0,1.0,0.29189962182336976,1.0,3.0,0.0,,,,0.0,,,,,,,,,,,,,,,,18.536676666666665,81.2563,2026-04-23T19:34:00+00:00,2026-04-23T19:34:00+00:00,,false,false,,unavailable,1,Normal,,"{""VIIRS_SNPP_SP"": 3}","[{""count"": 3, ""first_acquired_at"": ""2026-04-23T19:34:00+00:00"", ""instrument"": ""VIIRS"", ""last_acquired_at"": ""2026-04-23T19:34:00+00:00"", ""satellite"": ""N"", ""source_dataset"": ""VIIRS_SNPP_SP"", ""version"": ""2""}]",3,0,1,1,306.1933333333333,291.40333333333336,,,0.48,0.65,3,0,0,0,3,0,1,1.4466666666666665,1.88,,,0.0,1.0,False,306.1933333333333,291.40333333333336,,
TG-firms-4e01f19110c9a904beea,,,false,,,false,0.83,0.83,306.48,306.48,0.5,0.0,1.0,1.0,0.0,1.0,1.0,0.0,,,,0.0,,,,,,,,,,,,,,,,19.23789,80.86713,2026-04-24T20:56:00+00:00,2026-04-24T20:56:00+00:00,,false,false,,unavailable,5,Normal,,"{""VIIRS_SNPP_SP"": 1}","[{""count"": 1, ""first_acquired_at"": ""2026-04-24T20:56:00+00:00"", ""instrument"": ""VIIRS"", ""last_acquired_at"": ""2026-04-24T20:56:00+00:00"", ""satellite"": ""N"", ""source_dataset"": ""VIIRS_SNPP_SP"", ""version"": ""2""}]",1,0,1,1,306.48,293.99,,,0.32,0.55,1,0,0,0,1,0,1,0.83,0.83,,,0.0,1.0,False,306.48,293.99,,
TG-firms-4ee5757a7f0de593d158,korba_sep_2026,natural_thermal_event,true,PRAGYAX_review,NASA FIRMS: https://firms.modaps.eosdis.nasa.gov/map/index.html ; OSM industrial context verified at <coordinates>; repeated FIRMS observations verified from ThermaGuard historical data,false,2.095,2.5,314.5025,337.04,0.5,0.0,8.0,1.0,0.7386948179733144,1.0,8.0,1.0,,,,0.0,0.0,,1326.4,0.0,,3341.0,197.0,8.0,13.0,0.1447,,,1.0,0.0,0.0,21.10539,72.6411275,2026-08-09T20:53:00+00:00,2026-08-09T20:53:00+00:00,industrial,true,true,,unavailable,21,Normal,ArcelorMittal Nippon Steel India; Bhander Power Plant; Hazira II (Essar) Power Plant; Hazira Power Plant; L&T; Shell Energy India Private Limited,,,,,,,,,,,,,,,,,,,,,,,,,,,,,,
TG-firms-4f4496cb4d985dfadd2d,,,false,,,false,5.22,5.22,331.11,331.11,0.0,0.0,1.0,0.0,4.5335213081302696e-14,1.0,1.0,0.0,,,,0.0,,,,,,,,,,,,,,,,30.99395,74.52638,2026-06-02T07:26:00+00:00,2026-06-02T07:26:00+00:00,,false,false,,unavailable,2,Normal,,"{""VIIRS_NOAA21_NRT"": 1}","[{""count"": 1, ""first_acquired_at"": ""2026-06-02T07:26:00+00:00"", ""instrument"": ""VIIRS"", ""last_acquired_at"": ""2026-06-02T07:26:00+00:00"", ""satellite"": ""N21"", ""source_dataset"": ""VIIRS_NOAA21_NRT"", ""version"": ""2.0NRT""}]",1,0,1,1,331.11,305.07,,,0.36,0.57,0,0,1,0,1,0,1,5.22,5.22,,,1.0,0.0,False,331.11,305.07,,
TG-firms-4fdf7362685a18bec716,,,false,,,false,2.505,2.62,341.28999999999996,344.74,0.25,0.0,2.0,0.0,0.6232865932787589,1.0,2.0,1.0,,,,0.0,,,,,,,,,,,,,,,,19.15372,80.60965,2026-04-26T07:48:00+00:00,2026-04-26T07:48:00+00:00,,false,false,,unavailable,1,Normal,,"{""VIIRS_SNPP_SP"": 2}","[{""count"": 2, ""first_acquired_at"": ""2026-04-26T07:48:00+00:00"", ""instrument"": ""VIIRS"", ""last_acquired_at"": ""2026-04-26T07:48:00+00:00"", ""satellite"": ""N"", ""source_dataset"": ""VIIRS_SNPP_SP"", ""version"": ""2""}]",2,0,1,1,341.28999999999996,310.075,,,0.43,0.38,2,0,0,0,2,0,1,2.505,2.62,,,1.0,0.0,False,341.28999999999996,310.075,,
TG-firms-505c8679c0309c2c22b7,,,false,,,false,5.62,5.62,340.55,340.55,0.0,0.0,1.0,0.0,0.0,1.0,1.0,0.0,,,,0.0,,,,,,,,,,,,,,,,31.10763,75.13448,2026-06-02T08:18:00+00:00,2026-06-02T08:18:00+00:00,,false,false,,unavailable,2,Normal,,"{""VIIRS_NOAA20_NRT"": 1}","[{""count"": 1, ""first_acquired_at"": ""2026-06-02T08:18:00+00:00"", ""instrument"": ""VIIRS"", ""last_acquired_at"": ""2026-06-02T08:18:00+00:00"", ""satellite"": ""N20"", ""source_dataset"": ""VIIRS_NOAA20_NRT"", ""version"": ""2.0NRT""}]",1,0,1,1,340.55,312.9,,,0.44,0.38,0,1,0,0,1,0,1,5.62,5.62,,,1.0,0.0,False,340.55,312.9,,
TG-firms-5065c9313eb862d13401,,,false,,,false,6.03,6.03,339.95,339.95,0.5,0.0,1.0,0.0,2.927129294088453e-14,1.0,1.0,1.0,,,,0.0,,,,,,,,,,,,,,,,31.00738,75.8246,2026-06-02T08:18:00+00:00,2026-06-02T08:18:00+00:00,,false,false,,unavailable,2,Normal,,"{""VIIRS_NOAA20_NRT"": 1}","[{""count"": 1, ""first_acquired_at"": ""2026-06-02T08:18:00+00:00"", ""instrument"": ""VIIRS"", ""last_acquired_at"": ""2026-06-02T08:18:00+00:00"", ""satellite"": ""N20"", ""source_dataset"": ""VIIRS_NOAA20_NRT"", ""version"": ""2.0NRT""}]",1,0,1,1,339.95,307.03,,,0.46,0.39,0,1,0,0,1,0,1,6.03,6.03,,,1.0,0.0,False,339.95,307.03,,
TG-firms-51694aa7e244480e8cc3,,,false,,,false,4.73,4.73,343.51,343.51,0.5,0.0,1.0,0.0,0.0,1.0,1.0,0.0,,,,0.0,,,,,,,,,,,,,,,,18.51726,81.02854,2026-04-24T08:26:00+00:00,2026-04-24T08:26:00+00:00,,false,false,,unavailable,2,Normal,,"{""VIIRS_SNPP_SP"": 1}","[{""count"": 1, ""first_acquired_at"": ""2026-04-24T08:26:00+00:00"", ""instrument"": ""VIIRS"", ""last_acquired_at"": ""2026-04-24T08:26:00+00:00"", ""satellite"": ""N"", ""source_dataset"": ""VIIRS_SNPP_SP"", ""version"": ""2""}]",1,0,1,1,343.51,307.12,,,0.53,0.5,1,0,0,0,1,0,1,4.73,4.73,,,1.0,0.0,False,343.51,307.12,,
TG-firms-529ec0736cb58cdb9b1b,,,false,,,false,2.47,2.47,332.28,332.28,0.0,0.0,1.0,0.0,2.8375680446416174e-14,1.0,1.0,0.0,,,,0.0,,,,,,,,,,,,,,,,18.6245,80.83457,2026-04-24T08:26:00+00:00,2026-04-24T08:26:00+00:00,,false,false,,unavailable,1,Normal,,"{""VIIRS_SNPP_SP"": 1}","[{""count"": 1, ""first_acquired_at"": ""2026-04-24T08:26:00+00:00"", ""instrument"": ""VIIRS"", ""last_acquired_at"": ""2026-04-24T08:26:00+00:00"", ""satellite"": ""N"", ""source_dataset"": ""VIIRS_SNPP_SP"", ""version"": ""2""}]",1,0,1,1,332.28,304.92,,,0.51,0.5,1,0,0,0,1,0,1,2.47,2.47,,,1.0,0.0,False,332.28,304.92,,
TG-firms-5384fa8464287edd24fe,,,false,,,false,67.59333333333335,168.58,353.50333333333333,367.0,0.6666666666666666,0.0,3.0,0.0,0.3050731029349973,1.0,3.0,1.0,,,,0.0,,,,,,,,,,,,,,,,19.435873333333333,80.97482000000001,2026-04-26T07:48:00+00:00,2026-04-26T07:48:00+00:00,,false,false,,unavailable,50,Medium,,"{""VIIRS_SNPP_SP"": 3}","[{""count"": 3, ""first_acquired_at"": ""2026-04-26T07:48:00+00:00"", ""instrument"": ""VIIRS"", ""last_acquired_at"": ""2026-04-26T07:48:00+00:00"", ""satellite"": ""N"", ""source_dataset"": ""VIIRS_SNPP_SP"", ""version"": ""2""}]",3,0,1,1,353.50333333333333,323.44,,,0.41,0.37,3,0,0,0,3,0,1,67.59333333333333,168.58,,,1.0,0.0,False,353.50333333333333,323.44,,
TG-firms-53b8ad7a1ed2825db380,,,false,,,false,17.83666666666667,21.1,334.6366666666667,337.72,0.5,0.0,3.0,0.0,1.0683286723735634,1.0,3.0,0.0,,,,0.0,,,,,,,,,,,,,,,,19.311916666666665,81.05812333333334,2026-04-23T07:04:00+00:00,2026-04-23T07:04:00+00:00,,false,false,,unavailable,8,Normal,,"{""VIIRS_SNPP_SP"": 3}","[{""count"": 3, ""first_acquired_at"": ""2026-04-23T07:04:00+00:00"", ""instrument"": ""VIIRS"", ""last_acquired_at"": ""2026-04-23T07:04:00+00:00"", ""satellite"": ""N"", ""source_dataset"": ""VIIRS_SNPP_SP"", ""version"": ""2""}]",3,0,1,1,334.63666666666666,284.19,,,0.6,0.7,3,0,0,0,3,0,1,17.836666666666666,21.1,,,1.0,0.0,False,334.63666666666666,284.19,,
TG-firms-54bf6253dccfed82de02,,,false,,,false,2.66,2.66,336.01,336.01,0.5,0.0,1.0,0.0,1.1330610120442109e-13,1.0,1.0,0.0,,,,0.0,,,,,,,,,,,,,,,,19.76815,81.03645,2026-04-24T08:26:00+00:00,2026-04-24T08:26:00+00:00,,false,false,,unavailable,1,Normal,,"{""VIIRS_SNPP_SP"": 1}","[{""count"": 1, ""first_acquired_at"": ""2026-04-24T08:26:00+00:00"", ""instrument"": ""VIIRS"", ""last_acquired_at"": ""2026-04-24T08:26:00+00:00"", ""satellite"": ""N"", ""source_dataset"": ""VIIRS_SNPP_SP"", ""version"": ""2""}]",1,0,1,1,336.01,306.99,,,0.55,0.51,1,0,0,0,1,0,1,2.66,2.66,,,1.0,0.0,False,336.01,306.99,,
TG-firms-565390e046f5e4b1b35a,,,false,,,false,6.65,6.65,337.68,337.68,0.5,0.0,1.0,0.0,0.0,1.0,1.0,1.0,,,,0.0,,,,,,,,,,,,,,,,31.1034,75.95637,2026-06-04T08:28:00+00:00,2026-06-04T08:28:00+00:00,,false,false,,unavailable,2,Normal,,"{""VIIRS_NOAA21_NRT"": 1}","[{""count"": 1, ""first_acquired_at"": ""2026-06-04T08:28:00+00:00"", ""instrument"": ""VIIRS"", ""last_acquired_at"": ""2026-06-04T08:28:00+00:00"", ""satellite"": ""N21"", ""source_dataset"": ""VIIRS_NOAA21_NRT"", ""version"": ""2.0NRT""}]",1,0,1,1,337.68,307.53,,,0.45,0.47,0,0,1,0,1,0,1,6.65,6.65,,,1.0,0.0,False,337.68,307.53,,
TG-firms-572dcde65c9db5c50204,,,false,,,false,7.11,7.11,342.2,342.2,0.5,0.0,1.0,0.0,0.0,1.0,1.0,0.0,,,,0.0,,,,,,,,,,,,,,,,19.35117,81.2289,2026-04-27T07:29:00+00:00,2026-04-27T07:29:00+00:00,,false,false,,unavailable,3,Normal,,"{""VIIRS_SNPP_SP"": 1}","[{""count"": 1, ""first_acquired_at"": ""2026-04-27T07:29:00+00:00"", ""instrument"": ""VIIRS"", ""last_acquired_at"": ""2026-04-27T07:29:00+00:00"", ""satellite"": ""N"", ""source_dataset"": ""VIIRS_SNPP_SP"", ""version"": ""2""}]",1,0,1,1,342.2,303.98,,,0.46,0.47,1,0,0,0,1,0,1,7.11,7.11,,,1.0,0.0,False,342.2,303.98,,
TG-firms-57bf89ab73e98a430d8b,,,false,,,false,3.4695,10.1,,,,36.2,20.0,0.7,2.6267665122128334,2.0,0.5524861878453038,1.0,,,,0.0,,,,,,,,,,,,,,,,18.52015,81.2585735,2026-04-26T07:48:00+00:00,2026-04-27T20:00:00+00:00,,false,false,,unavailable,14,Normal,,"{""MODIS_SP"": 1, ""VIIRS_SNPP_SP"": 19}","[{""count"": 1, ""first_acquired_at"": ""2026-04-27T09:42:00+00:00"", ""instrument"": ""MODIS"", ""last_acquired_at"": ""2026-04-27T09:42:00+00:00"", ""satellite"": ""Aqua"", ""source_dataset"": ""MODIS_SP"", ""version"": ""61.03""}, {""count"": 19, ""first_acquired_at"": ""2026-04-26T07:48:00+00:00"", ""instrument"": ""VIIRS"", ""last_acquired_at"": ""2026-04-27T20:00:00+00:00"", ""satellite"": ""N"", ""source_dataset"": ""VIIRS_SNPP_SP"", ""version"": ""2""}]",19,1,2,2,321.82473684210527,297.6242105263158,323.5,303.6,0.4495,0.4235,19,0,0,1,20,0,2,3.1205263157894736,7.43,10.1,10.1,0.3,0.7,True,321.82473684210527,297.6242105263158,323.5,303.6
TG-firms-59781240d8e0ae0f3170,angul_talcher_sep_2026,agricultural_vegetation_fire,true,PRAGYAX_review,NASA FIRMS: https://firms.modaps.eosdis.nasa.gov/map/index.html ; project FIRMS observation and stored geospatial context reviewed,false,3.1133333333333333,4.69,317.9266666666667,334.7,0.5,0.0,3.0,1.0,0.8186206512153059,1.0,3.0,0.0,,,,0.0,,,,,,,,,,,,,,,,20.798,85.25653333333334,2026-09-05T20:46:00+00:00,2026-09-05T20:46:00+00:00,,false,false,,unavailable,2,Normal,,,,,,,,,,,,,,,,,,,,,,,,,,,,,,,
TG-firms-5b3130f27bb4c8b5426c,,,false,,,false,3.69,3.69,335.05,335.05,0.5,0.0,1.0,0.0,0.0,1.0,1.0,1.0,,,,0.0,,,,,,,,,,,,,,,,31.0913,75.70097,2026-06-04T08:28:00+00:00,2026-06-04T08:28:00+00:00,,false,false,,unavailable,1,Normal,,"{""VIIRS_NOAA21_NRT"": 1}","[{""count"": 1, ""first_acquired_at"": ""2026-06-04T08:28:00+00:00"", ""instrument"": ""VIIRS"", ""last_acquired_at"": ""2026-06-04T08:28:00+00:00"", ""satellite"": ""N21"", ""source_dataset"": ""VIIRS_NOAA21_NRT"", ""version"": ""2.0NRT""}]",1,0,1,1,335.05,304.5,,,0.43,0.46,0,0,1,0,1,0,1,3.69,3.69,,,1.0,0.0,False,335.05,304.5,,
TG-firms-5c11364daa1945702c56,,,false,,,false,4.01,4.01,340.23,340.23,0.0,0.0,1.0,0.0,0.0,1.0,1.0,0.0,,,,0.0,,,,,,,,,,,,,,,,19.68538,80.67215,2026-04-26T07:48:00+00:00,2026-04-26T07:48:00+00:00,,false,false,,unavailable,1,Normal,,"{""VIIRS_SNPP_SP"": 1}","[{""count"": 1, ""first_acquired_at"": ""2026-04-26T07:48:00+00:00"", ""instrument"": ""VIIRS"", ""last_acquired_at"": ""2026-04-26T07:48:00+00:00"", ""satellite"": ""N"", ""source_dataset"": ""VIIRS_SNPP_SP"", ""version"": ""2""}]",1,0,1,1,340.23,313.22,,,0.42,0.38,1,0,0,0,1,0,1,4.01,4.01,,,1.0,0.0,False,340.23,313.22,,
TG-firms-5dfa2a624815097e065c,,,false,,,false,1.97,1.97,334.26,334.79,0.0,0.0,2.0,0.0,0.19398234427152503,1.0,2.0,0.0,,,,0.0,,,,,,,,,,,,,,,,19.227735,80.66853499999999,2026-04-26T07:48:00+00:00,2026-04-26T07:48:00+00:00,,false,false,,unavailable,1,Normal,,"{""VIIRS_SNPP_SP"": 2}","[{""count"": 2, ""first_acquired_at"": ""2026-04-26T07:48:00+00:00"", ""instrument"": ""VIIRS"", ""last_acquired_at"": ""2026-04-26T07:48:00+00:00"", ""satellite"": ""N"", ""source_dataset"": ""VIIRS_SNPP_SP"", ""version"": ""2""}]",2,0,1,1,334.26,307.78,,,0.42,0.38,2,0,0,0,2,0,1,1.97,1.97,,,1.0,0.0,False,334.26,307.78,,
TG-firms-5e43419d85a62f89bd06,,,false,,,false,3.5,3.5,331.04,331.04,0.0,0.0,1.0,0.0,9.675996083976403e-14,1.0,1.0,1.0,,,,0.0,,,,,,,,,,,,,,,,19.5341,81.18911,2026-04-27T07:29:00+00:00,2026-04-27T07:29:00+00:00,,false,false,,unavailable,1,Normal,,"{""VIIRS_SNPP_SP"": 1}","[{""count"": 1, ""first_acquired_at"": ""2026-04-27T07:29:00+00:00"", ""instrument"": ""VIIRS"", ""last_acquired_at"": ""2026-04-27T07:29:00+00:00"", ""satellite"": ""N"", ""source_dataset"": ""VIIRS_SNPP_SP"", ""version"": ""2""}]",1,0,1,1,331.04,302.86,,,0.46,0.47,1,0,0,0,1,0,1,3.5,3.5,,,1.0,0.0,False,331.04,302.86,,
TG-firms-5e8d7bf8b5eddcf2caea,,,false,,,false,10.48,10.48,337.1,337.1,0.5,0.0,1.0,0.0,0.0,1.0,1.0,1.0,,,,0.0,,,,,,,,,,,,,,,,19.52409,80.81283,2026-05-28T08:08:00+00:00,2026-05-28T08:08:00+00:00,,false,false,,unavailable,4,Normal,,"{""VIIRS_NOAA20_SP"": 1}","[{""count"": 1, ""first_acquired_at"": ""2026-05-28T08:08:00+00:00"", ""instrument"": ""VIIRS"", ""last_acquired_at"": ""2026-05-28T08:08:00+00:00"", ""satellite"": ""N20"", ""source_dataset"": ""VIIRS_NOAA20_SP"", ""version"": ""2""}]",1,0,1,1,337.1,305.02,,,0.5,0.41,0,1,0,0,1,0,1,10.48,10.48,,,1.0,0.0,False,337.1,305.02,,
TG-firms-5f894082cb83659d19a0,,,false,,,false,3.735,4.88,334.265,335.66,0.0,0.0,2.0,0.0,0.43174339738235157,1.0,2.0,0.0,,,,0.0,,,,,,,,,,,,,,,,19.39076,81.20299,2026-04-26T07:48:00+00:00,2026-04-26T07:48:00+00:00,,false,false,,unavailable,2,Normal,,"{""VIIRS_SNPP_SP"": 2}","[{""count"": 2, ""first_acquired_at"": ""2026-04-26T07:48:00+00:00"", ""instrument"": ""VIIRS"", ""last_acquired_at"": ""2026-04-26T07:48:00+00:00"", ""satellite"": ""N"", ""source_dataset"": ""VIIRS_SNPP_SP"", ""version"": ""2""}]",2,0,1,1,334.265,307.57,,,0.41,0.37,2,0,0,0,2,0,1,3.735,4.88,,,1.0,0.0,False,334.265,307.57,,
TG-firms-60e7cd96804a5f491c70,korba_sep_2026,possible_false_positive,true,PRAGYAX_review,"NASA FIRMS: https://firms.modaps.eosdis.nasa.gov/map/index.html ; coordinates=22.33052,82.60535 ; stored recurrence_count=0.0",false,0.57,0.57,296.65,296.65,0.5,0.0,1.0,1.0,0.0,1.0,1.0,0.0,,,,0.0,,,,,,,,,,,,,,,,22.33052,82.60535,2026-09-08T19:49:00+00:00,2026-09-08T19:49:00+00:00,,false,false,,unavailable,0,Normal,,,,,,,,,,,,,,,,,,,,,,,,,,,,,,,
TG-firms-61785a636442d6ab9fa0,,,false,,,false,1.44,1.44,333.24,333.24,0.5,0.0,1.0,0.0,0.0,1.0,1.0,1.0,,,,0.0,,,,,,,,,,,,,,,,19.6611,80.87406,2026-05-30T07:31:00+00:00,2026-05-30T07:31:00+00:00,,false,false,,unavailable,1,Normal,,"{""VIIRS_NOAA20_SP"": 1}","[{""count"": 1, ""first_acquired_at"": ""2026-05-30T07:31:00+00:00"", ""instrument"": ""VIIRS"", ""last_acquired_at"": ""2026-05-30T07:31:00+00:00"", ""satellite"": ""N20"", ""source_dataset"": ""VIIRS_NOAA20_SP"", ""version"": ""2""}]",1,0,1,1,333.24,304.57,,,0.4,0.44,0,1,0,0,1,0,1,1.44,1.44,,,1.0,0.0,False,333.24,304.57,,
TG-firms-61fd2fd9d8b05c0bba28,,,false,,,false,11.1,11.1,,,,0.0,1.0,0.0,0.0,1.0,1.0,1.0,,,,0.0,,,,,,,,,,,,,,,,19.4738,80.8719,2026-04-27T09:42:00+00:00,2026-04-27T09:42:00+00:00,,false,false,,unavailable,4,Normal,,"{""MODIS_SP"": 1}","[{""count"": 1, ""first_acquired_at"": ""2026-04-27T09:42:00+00:00"", ""instrument"": ""MODIS"", ""last_acquired_at"": ""2026-04-27T09:42:00+00:00"", ""satellite"": ""Aqua"", ""source_dataset"": ""MODIS_SP"", ""version"": ""61.03""}]",0,1,1,1,,,325.7,307.7,1.0,1.0,0,0,0,1,1,0,1,,,11.1,11.1,1.0,0.0,False,,,325.7,307.7
TG-firms-622fa57eed88f7eb309a,,,false,,,false,3.5025,5.62,333.99,337.08,0.125,23.683333333333334,4.0,0.0,1.4416414108098432,2.0,0.1688951442646024,1.0,,,,0.0,,,,,,,,,,,,,,,,18.694185,81.096215,2026-04-25T08:07:00+00:00,2026-04-26T07:48:00+00:00,,false,false,,unavailable,12,Normal,,"{""VIIRS_SNPP_SP"": 4}","[{""count"": 4, ""first_acquired_at"": ""2026-04-25T08:07:00+00:00"", ""instrument"": ""VIIRS"", ""last_acquired_at"": ""2026-04-26T07:48:00+00:00"", ""satellite"": ""N"", ""source_dataset"": ""VIIRS_SNPP_SP"", ""version"": ""2""}]",4,0,1,1,333.99,303.5825,,,0.4175,0.3725,4,0,0,0,4,0,1,3.5025,5.62,,,1.0,0.0,False,333.99,303.5825,,
TG-firms-6308e2065e4533518279,,,false,,,false,1.03,1.49,316.25,320.15,0.5,23.683333333333334,2.0,1.0,0.1490469418673449,2.0,0.0844475721323012,0.0,,,,0.0,,,,,,,,,,,,,,,,22.3497,69.751665,2026-05-27T20:57:00+00:00,2026-05-28T20:38:00+00:00,,false,false,,unavailable,11,Normal,,"{""VIIRS_NOAA20_SP"": 2}","[{""count"": 2, ""first_acquired_at"": ""2026-05-27T20:57:00+00:00"", ""instrument"": ""VIIRS"", ""last_acquired_at"": ""2026-05-28T20:38:00+00:00"", ""satellite"": ""N20"", ""source_dataset"": ""VIIRS_NOAA20_SP"", ""version"": ""2""}]",2,0,1,1,316.25,298.84000000000003,,,0.42500000000000004,0.42,0,2,0,0,2,0,1,1.03,1.49,,,0.0,1.0,False,316.25,298.84000000000003,,
TG-firms-64048396f4bdee6bc4f9,,,false,,,false,6.02,6.02,339.16,339.16,0.0,0.0,1.0,0.0,0.0,1.0,1.0,0.0,,,,0.0,,,,,,,,,,,,,,,,31.3762,75.28988,2026-06-02T08:18:00+00:00,2026-06-02T08:18:00+00:00,,false,false,,unavailable,2,Normal,,"{""VIIRS_NOAA20_NRT"": 1}","[{""count"": 1, ""first_acquired_at"": ""2026-06-02T08:18:00+00:00"", ""instrument"": ""VIIRS"", ""last_acquired_at"": ""2026-06-02T08:18:00+00:00"", ""satellite"": ""N20"", ""source_dataset"": ""VIIRS_NOAA20_NRT"", ""version"": ""2.0NRT""}]",1,0,1,1,339.16,309.47,,,0.44,0.39,0,1,0,0,1,0,1,6.02,6.02,,,1.0,0.0,False,339.16,309.47,,
TG-firms-647d34e2d1932f323354,,,false,,,false,5.93,5.93,343.9,343.9,0.5,0.0,1.0,0.0,0.0,1.0,1.0,0.0,,,,0.0,,,,,,,,,,,,,,,,19.20614,80.53332,2026-04-25T08:07:00+00:00,2026-04-25T08:07:00+00:00,,false,false,,unavailable,2,Normal,,"{""VIIRS_SNPP_SP"": 1}","[{""count"": 1, ""first_acquired_at"": ""2026-04-25T08:07:00+00:00"", ""instrument"": ""VIIRS"", ""last_acquired_at"": ""2026-04-25T08:07:00+00:00"", ""satellite"": ""N"", ""source_dataset"": ""VIIRS_SNPP_SP"", ""version"": ""2""}]",1,0,1,1,343.9,304.71,,,0.42,0.38,1,0,0,0,1,0,1,5.93,5.93,,,1.0,0.0,False,343.9,304.71,,
TG-firms-64acf25e9ed2561a8934,,,false,,,false,5.92,5.92,343.23,343.23,0.5,0.0,1.0,0.0,0.0,1.0,1.0,3.0,,,,0.0,,,,,,,,,,,,,,,,18.53658,81.28291,2026-05-28T08:08:00+00:00,2026-05-28T08:08:00+00:00,,false,false,,unavailable,2,Normal,,"{""VIIRS_NOAA20_SP"": 1}","[{""count"": 1, ""first_acquired_at"": ""2026-05-28T08:08:00+00:00"", ""instrument"": ""VIIRS"", ""last_acquired_at"": ""2026-05-28T08:08:00+00:00"", ""satellite"": ""N20"", ""source_dataset"": ""VIIRS_NOAA20_SP"", ""version"": ""2""}]",1,0,1,1,343.23,305.56,,,0.52,0.41,0,1,0,0,1,0,1,5.92,5.92,,,1.0,0.0,False,343.23,305.56,,
TG-firms-659d4275625a3165de29,,,false,,,false,2.61,2.61,338.83,338.83,0.5,0.0,1.0,0.0,0.0,1.0,1.0,0.0,,,,0.0,,,,,,,,,,,,,,,,19.52102,81.25248,2026-04-26T07:48:00+00:00,2026-04-26T07:48:00+00:00,,false,false,,unavailable,1,Normal,,"{""VIIRS_SNPP_SP"": 1}","[{""count"": 1, ""first_acquired_at"": ""2026-04-26T07:48:00+00:00"", ""instrument"": ""VIIRS"", ""last_acquired_at"": ""2026-04-26T07:48:00+00:00"", ""satellite"": ""N"", ""source_dataset"": ""VIIRS_SNPP_SP"", ""version"": ""2""}]",1,0,1,1,338.83,306.98,,,0.4,0.37,1,0,0,0,1,0,1,2.61,2.61,,,1.0,0.0,False,338.83,306.98,,
TG-firms-66ffdb1ac02724628239,,,false,,,false,248.60000000000002,314.6,,,,0.0,2.0,0.0,0.3909074230849185,1.0,2.0,2.0,,,,0.0,,,,,,,,,,,,,,,,19.25535,81.018,2026-04-28T10:20:00+00:00,2026-04-28T10:20:00+00:00,,false,false,,unavailable,50,Medium,,"{""MODIS_SP"": 2}","[{""count"": 2, ""first_acquired_at"": ""2026-04-28T10:20:00+00:00"", ""instrument"": ""MODIS"", ""last_acquired_at"": ""2026-04-28T10:20:00+00:00"", ""satellite"": ""Aqua"", ""source_dataset"": ""MODIS_SP"", ""version"": ""61.03""}]",0,2,1,1,,,343.9,297.95,3.4,1.7,0,0,0,2,2,0,1,,,248.60000000000002,314.6,1.0,0.0,False,,,343.9,297.95
TG-firms-6749113594d45d6c749a,punjab_aug_2026,industrial_fire,true,PRAGYAX_review,NASA FIRMS: https://firms.modaps.eosdis.nasa.gov/map/index.html ; OSM industrial context verified at <coordinates>; repeated FIRMS observations verified from ThermaGuard historical data,false,5.242727272727273,11.1,323.7327272727273,355.87,0.5,34.88333333333333,11.0,0.8181818181818182,0.8802833018766287,3.0,0.3153368370759675,6.0,4.9743055555555555,15.08,3.7170910139126097,1.0,0.0,,1344.9,0.0,,3288.7,249.4,8.0,13.0,,,,1.0,0.0,0.0,21.105811818181817,72.64080454545454,2026-08-24T21:12:00+00:00,2026-08-26T08:05:00+00:00,industrial,true,false,100,above_baseline,44,Medium,ArcelorMittal Nippon Steel India; Bhander Power Plant; Hazira II (Essar) Power Plant; Hazira Power Plant; L&T; Shell Energy India Private Limited,,,,,,,,,,,,,,,,,,,,,,,,,,,,,,
TG-firms-67b1a7dc95a8e01f5d5c,punjab_plains_sep_2026,natural_thermal_event,true,PRAGYAX_review,NASA FIRMS: https://firms.modaps.eosdis.nasa.gov/map/index.html ; project FIRMS observation and stored geospatial context reviewed,false,4.59,4.59,335.64,335.64,0.5,0.0,1.0,0.0,0.0,1.0,1.0,0.0,,,,0.0,,,,,,,,,,,,,,,,31.23082,75.08361,2026-09-05T08:20:00+00:00,2026-09-05T08:20:00+00:00,,false,false,,unavailable,2,Normal,,,,,,,,,,,,,,,,,,,,,,,,,,,,,,,
TG-firms-698c09cbca37dbcc1a38,,,false,,,false,2.12,2.12,334.28,334.28,0.0,0.0,1.0,0.0,0.0,1.0,1.0,0.0,,,,0.0,,,,,,,,,,,,,,,,31.27564,75.16169,2026-06-05T08:09:00+00:00,2026-06-05T08:09:00+00:00,,false,false,,unavailable,1,Normal,,"{""VIIRS_NOAA21_NRT"": 1}","[{""count"": 1, ""first_acquired_at"": ""2026-06-05T08:09:00+00:00"", ""instrument"": ""VIIRS"", ""last_acquired_at"": ""2026-06-05T08:09:00+00:00"", ""satellite"": ""N21"", ""source_dataset"": ""VIIRS_NOAA21_NRT"", ""version"": ""2.0NRT""}]",1,0,1,1,334.28,305.83,,,0.39,0.37,0,0,1,0,1,0,1,2.12,2.12,,,1.0,0.0,False,334.28,305.83,,
TG-firms-698c0cf653f2419ec0eb,,,false,,,false,2.01,2.01,334.37,334.37,0.0,0.0,1.0,0.0,1.5042777618518826e-13,1.0,1.0,0.0,,,,0.0,,,,,,,,,,,,,,,,31.41676,74.74039,2026-06-05T07:22:00+00:00,2026-06-05T07:22:00+00:00,,false,false,,unavailable,1,Normal,,"{""VIIRS_NOAA20_NRT"": 1}","[{""count"": 1, ""first_acquired_at"": ""2026-06-05T07:22:00+00:00"", ""instrument"": ""VIIRS"", ""last_acquired_at"": ""2026-06-05T07:22:00+00:00"", ""satellite"": ""N20"", ""source_dataset"": ""VIIRS_NOAA20_NRT"", ""version"": ""2.0NRT""}]",1,0,1,1,334.37,305.38,,,0.41,0.61,0,1,0,0,1,0,1,2.01,2.01,,,1.0,0.0,False,334.37,305.38,,
TG-firms-6a17c89c595db8113afa,,,false,,,false,10.915,11.87,340.795,340.91,0.5,0.0,2.0,0.0,0.18915694500604602,1.0,2.0,0.0,,,,0.0,,,,,,,,,,,,,,,,22.200989999999997,70.08487,2026-05-31T08:53:00+00:00,2026-05-31T08:53:00+00:00,,false,false,,unavailable,4,Normal,,"{""VIIRS_NOAA20_SP"": 2}","[{""count"": 2, ""first_acquired_at"": ""2026-05-31T08:53:00+00:00"", ""instrument"": ""VIIRS"", ""last_acquired_at"": ""2026-05-31T08:53:00+00:00"", ""satellite"": ""N20"", ""source_dataset"": ""VIIRS_NOAA20_SP"", ""version"": ""2""}]",2,0,1,1,340.795,308.56,,,0.57,0.43,0,2,0,0,2,0,1,10.915,11.87,,,1.0,0.0,False,340.795,308.56,,
TG-firms-6bfa54224fca0ebe6118,,,false,,,false,4.1375,5.45,335.72,346.8,0.25,12.5,4.0,0.25,1.0738809120320465,1.0,0.32,2.0,,,,0.0,,,,,,,,,,,,,,,,19.779685,81.026375,2026-04-26T07:48:00+00:00,2026-04-26T20:18:00+00:00,,false,false,,unavailable,8,Normal,,"{""VIIRS_SNPP_SP"": 4}","[{""count"": 4, ""first_acquired_at"": ""2026-04-26T07:48:00+00:00"", ""instrument"": ""VIIRS"", ""last_acquired_at"": ""2026-04-26T20:18:00+00:00"", ""satellite"": ""N"", ""source_dataset"": ""VIIRS_SNPP_SP"", ""version"": ""2""}]",4,0,1,1,335.72,307.675,,,0.40499999999999997,0.3675,4,0,0,0,4,0,1,4.1375,5.45,,,0.75,0.25,False,335.72,307.675,,
TG-firms-6c63a2bf2d015bf6fa61,,,false,,,false,6.6,6.6,,,,0.0,1.0,0.0,0.0,1.0,1.0,3.0,,,,0.0,,,,,,,,,,,,,,,,18.6325,81.117,2026-04-27T09:42:00+00:00,2026-04-27T09:42:00+00:00,,false,false,,unavailable,2,Normal,,"{""MODIS_SP"": 1}","[{""count"": 1, ""first_acquired_at"": ""2026-04-27T09:42:00+00:00"", ""instrument"": ""MODIS"", ""last_acquired_at"": ""2026-04-27T09:42:00+00:00"", ""satellite"": ""Aqua"", ""source_dataset"": ""MODIS_SP"", ""version"": ""61.03""}]",0,1,1,1,,,320.1,305.9,1.0,1.0,0,0,0,1,1,0,1,,,6.6,6.6,1.0,0.0,False,,,320.1,305.9
TG-firms-6d0093c12e3caabaa746,,,false,,,false,0.87,0.87,334.83,334.83,0.5,0.0,1.0,0.0,0.0,1.0,1.0,0.0,,,,0.0,,,,,,,,,,,,,,,,19.4903,80.80583,2026-04-26T07:48:00+00:00,2026-04-26T07:48:00+00:00,,false,false,,unavailable,0,Normal,,"{""VIIRS_SNPP_SP"": 1}","[{""count"": 1, ""first_acquired_at"": ""2026-04-26T07:48:00+00:00"", ""instrument"": ""VIIRS"", ""last_acquired_at"": ""2026-04-26T07:48:00+00:00"", ""satellite"": ""N"", ""source_dataset"": ""VIIRS_SNPP_SP"", ""version"": ""2""}]",1,0,1,1,334.83,306.74,,,0.42,0.37,1,0,0,0,1,0,1,0.87,0.87,,,1.0,0.0,False,334.83,306.74,,
TG-firms-6d03037574e11b6eee5c,,,false,,,false,2.52,2.52,333.73,333.73,0.0,0.0,1.0,0.0,0.0,1.0,1.0,0.0,,,,0.0,,,,,,,,,,,,,,,,19.57265,80.53065,2026-04-24T08:26:00+00:00,2026-04-24T08:26:00+00:00,,false,false,,unavailable,1,Normal,,"{""VIIRS_SNPP_SP"": 1}","[{""count"": 1, ""first_acquired_at"": ""2026-04-24T08:26:00+00:00"", ""instrument"": ""VIIRS"", ""last_acquired_at"": ""2026-04-24T08:26:00+00:00"", ""satellite"": ""N"", ""source_dataset"": ""VIIRS_SNPP_SP"", ""version"": ""2""}]",1,0,1,1,333.73,308.24,,,0.51,0.49,1,0,0,0,1,0,1,2.52,2.52,,,1.0,0.0,False,333.73,308.24,,
TG-firms-6e355a02cd829ea3dca1,,,false,,,false,2.21,2.21,332.46,332.46,0.0,0.0,1.0,0.0,1.3302458442711267e-13,1.0,1.0,0.0,,,,0.0,,,,,,,,,,,,,,,,30.89449,76.01795,2026-06-01T07:44:00+00:00,2026-06-01T07:44:00+00:00,,false,false,,unavailable,1,Normal,,"{""VIIRS_NOAA21_NRT"": 1}","[{""count"": 1, ""first_acquired_at"": ""2026-06-01T07:44:00+00:00"", ""instrument"": ""VIIRS"", ""last_acquired_at"": ""2026-06-01T07:44:00+00:00"", ""satellite"": ""N21"", ""source_dataset"": ""VIIRS_NOAA21_NRT"", ""version"": ""2.0NRT""}]",1,0,1,1,332.46,303.71,,,0.49,0.4,0,0,1,0,1,0,1,2.21,2.21,,,1.0,0.0,False,332.46,303.71,,
TG-firms-6fe57da25d559d8c97c8,,,false,,,false,3.99,3.99,344.25,344.25,0.5,0.0,1.0,0.0,0.0,1.0,1.0,0.0,,,,0.0,,,,,,,,,,,,,,,,31.23396,74.90281,2026-06-02T07:26:00+00:00,2026-06-02T07:26:00+00:00,,false,false,,unavailable,1,Normal,,"{""VIIRS_NOAA21_NRT"": 1}","[{""count"": 1, ""first_acquired_at"": ""2026-06-02T07:26:00+00:00"", ""instrument"": ""VIIRS"", ""last_acquired_at"": ""2026-06-02T07:26:00+00:00"", ""satellite"": ""N21"", ""source_dataset"": ""VIIRS_NOAA21_NRT"", ""version"": ""2.0NRT""}]",1,0,1,1,344.25,305.93,,,0.34,0.56,0,0,1,0,1,0,1,3.99,3.99,,,1.0,0.0,False,344.25,305.93,,
TG-firms-71a9c101e6b77e448641,,,false,,,false,7.19,7.19,342.76,342.76,0.5,0.0,1.0,0.0,0.0,1.0,1.0,0.0,,,,0.0,,,,,,,,,,,,,,,,19.79691,80.74394,2026-04-27T07:30:00+00:00,2026-04-27T07:30:00+00:00,,false,false,,unavailable,3,Normal,,"{""VIIRS_SNPP_SP"": 1}","[{""count"": 1, ""first_acquired_at"": ""2026-04-27T07:30:00+00:00"", ""instrument"": ""VIIRS"", ""last_acquired_at"": ""2026-04-27T07:30:00+00:00"", ""satellite"": ""N"", ""source_dataset"": ""VIIRS_SNPP_SP"", ""version"": ""2""}]",1,0,1,1,342.76,305.73,,,0.49,0.48,1,0,0,0,1,0,1,7.19,7.19,,,1.0,0.0,False,342.76,305.73,,
TG-firms-721fe4c24630ce425037,,,false,,,false,4.96,4.96,337.42,337.42,0.5,0.0,1.0,0.0,0.0,1.0,1.0,0.0,,,,0.0,,,,,,,,,,,,,,,,30.67045,75.18267,2026-06-01T07:44:00+00:00,2026-06-01T07:44:00+00:00,,false,false,,unavailable,2,Normal,,"{""VIIRS_NOAA21_NRT"": 1}","[{""count"": 1, ""first_acquired_at"": ""2026-06-01T07:44:00+00:00"", ""instrument"": ""VIIRS"", ""last_acquired_at"": ""2026-06-01T07:44:00+00:00"", ""satellite"": ""N21"", ""source_dataset"": ""VIIRS_NOAA21_NRT"", ""version"": ""2.0NRT""}]",1,0,1,1,337.42,305.07,,,0.54,0.42,0,0,1,0,1,0,1,4.96,4.96,,,1.0,0.0,False,337.42,305.07,,
TG-firms-7227249bf5ec41e2f102,,,false,,,false,2.18,2.18,330.13,330.13,0.0,0.0,1.0,0.0,0.0,1.0,1.0,0.0,,,,0.0,,,,,,,,,,,,,,,,19.07289,80.53505,2026-04-23T08:45:00+00:00,2026-04-23T08:45:00+00:00,,false,false,,unavailable,1,Normal,,"{""VIIRS_SNPP_SP"": 1}","[{""count"": 1, ""first_acquired_at"": ""2026-04-23T08:45:00+00:00"", ""instrument"": ""VIIRS"", ""last_acquired_at"": ""2026-04-23T08:45:00+00:00"", ""satellite"": ""N"", ""source_dataset"": ""VIIRS_SNPP_SP"", ""version"": ""2""}]",1,0,1,1,330.13,301.66,,,0.51,0.66,1,0,0,0,1,0,1,2.18,2.18,,,1.0,0.0,False,330.13,301.66,,
TG-firms-73d060406a206e504d12,,,false,,,false,5.01,5.01,331.74,331.74,0.0,0.0,1.0,0.0,0.0,1.0,1.0,0.0,,,,0.0,,,,,,,,,,,,,,,,31.37253,76.08359,2026-06-02T07:26:00+00:00,2026-06-02T07:26:00+00:00,,false,false,,unavailable,2,Normal,,"{""VIIRS_NOAA21_NRT"": 1}","[{""count"": 1, ""first_acquired_at"": ""2026-06-02T07:26:00+00:00"", ""instrument"": ""VIIRS"", ""last_acquired_at"": ""2026-06-02T07:26:00+00:00"", ""satellite"": ""N21"", ""source_dataset"": ""VIIRS_NOAA21_NRT"", ""version"": ""2.0NRT""}]",1,0,1,1,331.74,303.89,,,0.57,0.52,0,0,1,0,1,0,1,5.01,5.01,,,1.0,0.0,False,331.74,303.89,,
TG-firms-745554545a8767ff1144,,,false,,,false,2.65,2.65,340.06,340.06,0.5,0.0,1.0,0.0,0.0,1.0,1.0,1.0,,,,0.0,,,,,,,,,,,,,,,,19.3758,81.079,2026-05-30T07:31:00+00:00,2026-05-30T07:31:00+00:00,,false,false,,unavailable,1,Normal,,"{""VIIRS_NOAA20_SP"": 1}","[{""count"": 1, ""first_acquired_at"": ""2026-05-30T07:31:00+00:00"", ""instrument"": ""VIIRS"", ""last_acquired_at"": ""2026-05-30T07:31:00+00:00"", ""satellite"": ""N20"", ""source_dataset"": ""VIIRS_NOAA20_SP"", ""version"": ""2""}]",1,0,1,1,340.06,293.13,,,0.39,0.44,0,1,0,0,1,0,1,2.65,2.65,,,1.0,0.0,False,340.06,293.13,,
TG-firms-74a6d1394db631ea3c69,,,false,,,false,1.55,1.55,333.34,333.34,0.0,0.0,1.0,0.0,4.123806822405174e-14,1.0,1.0,0.0,,,,0.0,,,,,,,,,,,,,,,,19.51064,81.2743,2026-04-26T07:48:00+00:00,2026-04-26T07:48:00+00:00,,false,false,,unavailable,1,Normal,,"{""VIIRS_SNPP_SP"": 1}","[{""count"": 1, ""first_acquired_at"": ""2026-04-26T07:48:00+00:00"", ""instrument"": ""VIIRS"", ""last_acquired_at"": ""2026-04-26T07:48:00+00:00"", ""satellite"": ""N"", ""source_dataset"": ""VIIRS_SNPP_SP"", ""version"": ""2""}]",1,0,1,1,333.34,307.12,,,0.4,0.37,1,0,0,0,1,0,1,1.55,1.55,,,1.0,0.0,False,333.34,307.12,,
TG-firms-74b90095afdf4b6953a9,,,false,,,false,43.68333333333334,105.1,,,,0.0,6.0,0.0,1.2880362866804218,1.0,6.0,2.0,,,,0.0,,,,,,,,,,,,,,,,19.231,81.1763,2026-04-30T09:58:00+00:00,2026-04-30T09:58:00+00:00,,false,false,,unavailable,38,Medium,,"{""MODIS_SP"": 6}","[{""count"": 6, ""first_acquired_at"": ""2026-04-30T09:58:00+00:00"", ""instrument"": ""MODIS"", ""last_acquired_at"": ""2026-04-30T09:58:00+00:00"", ""satellite"": ""Aqua"", ""source_dataset"": ""MODIS_SP"", ""version"": ""61.03""}]",0,6,1,1,,,335.7166666666667,303.3666666666667,1.3,1.1,0,0,0,6,6,0,1,,,43.68333333333333,105.1,1.0,0.0,False,,,335.7166666666667,303.3666666666667
TG-firms-759bc7a9dca30b4b0cbd,,,false,,,false,4.03,4.03,340.04,340.04,0.5,0.0,1.0,0.0,0.0,1.0,1.0,0.0,,,,0.0,,,,,,,,,,,,,,,,18.94683,81.09789,2026-04-24T08:26:00+00:00,2026-04-24T08:26:00+00:00,,false,false,,unavailable,1,Normal,,"{""VIIRS_SNPP_SP"": 1}","[{""count"": 1, ""first_acquired_at"": ""2026-04-24T08:26:00+00:00"", ""instrument"": ""VIIRS"", ""last_acquired_at"": ""2026-04-24T08:26:00+00:00"", ""satellite"": ""N"", ""source_dataset"": ""VIIRS_SNPP_SP"", ""version"": ""2""}]",1,0,1,1,340.04,307.83,,,0.54,0.51,1,0,0,0,1,0,1,4.03,4.03,,,1.0,0.0,False,340.04,307.83,,
TG-firms-7645eaa43040eab75d4d,,,false,,,false,2.89,3.87,332.95,335.65,0.25,23.683333333333334,2.0,0.0,0.31679797154521716,2.0,0.0844475721323012,0.0,,,,0.0,,,,,,,,,,,,,,,,18.670895,81.10807,2026-04-24T08:26:00+00:00,2026-04-25T08:07:00+00:00,,false,false,,unavailable,11,Normal,,"{""VIIRS_SNPP_SP"": 2}","[{""count"": 2, ""first_acquired_at"": ""2026-04-24T08:26:00+00:00"", ""instrument"": ""VIIRS"", ""last_acquired_at"": ""2026-04-25T08:07:00+00:00"", ""satellite"": ""N"", ""source_dataset"": ""VIIRS_SNPP_SP"", ""version"": ""2""}]",2,0,1,1,332.95,301.135,,,0.49,0.445,2,0,0,0,2,0,1,2.89,3.87,,,1.0,0.0,False,332.95,301.135,,
TG-firms-7750bfe6c2b4da93b63b,,,false,,,false,0.73,0.73,307.52,310.06,0.5,0.0,2.0,1.0,0.1247141093454284,1.0,2.0,1.0,,,,0.0,,,,,,,,,,,,,,,,18.837555000000002,81.215735,2026-04-24T20:56:00+00:00,2026-04-24T20:56:00+00:00,,false,false,,unavailable,0,Normal,,"{""VIIRS_SNPP_SP"": 2}","[{""count"": 2, ""first_acquired_at"": ""2026-04-24T20:56:00+00:00"", ""instrument"": ""VIIRS"", ""last_acquired_at"": ""2026-04-24T20:56:00+00:00"", ""satellite"": ""N"", ""source_dataset"": ""VIIRS_SNPP_SP"", ""version"": ""2""}]",2,0,1,1,307.52,290.55,,,0.34,0.56,2,0,0,0,2,0,1,0.73,0.73,,,0.0,1.0,False,307.52,290.55,,
TG-firms-77f6c6838ab2b2ff7420,,,false,,,false,1.57,1.57,330.59,330.59,0.5,0.0,1.0,0.0,0.0,1.0,1.0,0.0,,,,0.0,,,,,,,,,,,,,,,,19.27738,81.17711,2026-04-27T07:29:00+00:00,2026-04-27T07:29:00+00:00,,false,false,,unavailable,1,Normal,,"{""VIIRS_SNPP_SP"": 1}","[{""count"": 1, ""first_acquired_at"": ""2026-04-27T07:29:00+00:00"", ""instrument"": ""VIIRS"", ""last_acquired_at"": ""2026-04-27T07:29:00+00:00"", ""satellite"": ""N"", ""source_dataset"": ""VIIRS_SNPP_SP"", ""version"": ""2""}]",1,0,1,1,330.59,302.98,,,0.47,0.47,1,0,0,0,1,0,1,1.57,1.57,,,1.0,0.0,False,330.59,302.98,,
TG-firms-7abe6aea4ebfbbc81828,,,false,,,false,14.2,15.8,,,,0.0,2.0,0.0,0.6794710631480914,1.0,2.0,2.0,,,,0.0,,,,,,,,,,,,,,,,19.23355,81.2757,2026-04-30T09:58:00+00:00,2026-04-30T09:58:00+00:00,,false,false,,unavailable,6,Normal,,"{""MODIS_SP"": 2}","[{""count"": 2, ""first_acquired_at"": ""2026-04-30T09:58:00+00:00"", ""instrument"": ""MODIS"", ""last_acquired_at"": ""2026-04-30T09:58:00+00:00"", ""satellite"": ""Aqua"", ""source_dataset"": ""MODIS_SP"", ""version"": ""61.03""}]",0,2,1,1,,,321.5,301.29999999999995,1.3,1.1,0,0,0,2,2,0,1,,,14.2,15.8,1.0,0.0,False,,,321.5,301.29999999999995
TG-firms-7b28b729a5c909bf6b3e,,,false,,,false,3.043333333333333,5.81,315.62,335.39,0.5,11.183333333333334,3.0,0.6666666666666666,0.5985849748079515,2.0,0.26825633383010433,0.0,,,,0.0,,,,,,,,,,,,,,,,19.791623333333334,80.94614333333332,2026-04-24T20:56:00+00:00,2026-04-25T08:07:00+00:00,,false,false,,unavailable,8,Normal,,"{""VIIRS_SNPP_SP"": 3}","[{""count"": 3, ""first_acquired_at"": ""2026-04-24T20:56:00+00:00"", ""instrument"": ""VIIRS"", ""last_acquired_at"": ""2026-04-25T08:07:00+00:00"", ""satellite"": ""N"", ""source_dataset"": ""VIIRS_SNPP_SP"", ""version"": ""2""}]",3,0,1,1,315.62,297.39666666666665,,,0.5666666666666667,0.4866666666666667,3,0,0,0,3,0,1,3.043333333333333,5.81,,,0.3333333333333333,0.6666666666666666,False,315.62,297.39666666666665,,
TG-firms-812113be5283680116f3,,,false,,,false,5.648333333333333,7.85,339.3333333333333,356.68,0.3333333333333333,0.0,6.0,0.0,2.0438632772220617,1.0,6.0,0.0,,,,0.0,,,,,,,,,,,,,,,,18.622306666666667,81.04423333333334,2026-04-24T08:26:00+00:00,2026-04-24T08:26:00+00:00,,false,false,,unavailable,3,Normal,,"{""VIIRS_SNPP_SP"": 6}","[{""count"": 6, ""first_acquired_at"": ""2026-04-24T08:26:00+00:00"", ""instrument"": ""VIIRS"", ""last_acquired_at"": ""2026-04-24T08:26:00+00:00"", ""satellite"": ""N"", ""source_dataset"": ""VIIRS_SNPP_SP"", ""version"": ""2""}]",6,0,1,1,339.33333333333337,304.925,,,0.53,0.5,6,0,0,0,6,0,1,5.648333333333333,7.85,,,1.0,0.0,False,339.33333333333337,304.925,,
TG-firms-81913d8336722879294a,,,false,,,false,3.795,4.67,334.865,336.52,0.5,0.0,2.0,0.0,0.1424508163268853,1.0,2.0,1.0,,,,0.0,,,,,,,,,,,,,,,,18.70372,81.00514,2026-04-27T07:29:00+00:00,2026-04-27T07:29:00+00:00,,false,false,,unavailable,2,Normal,,"{""VIIRS_SNPP_SP"": 2}","[{""count"": 2, ""first_acquired_at"": ""2026-04-27T07:29:00+00:00"", ""instrument"": ""VIIRS"", ""last_acquired_at"": ""2026-04-27T07:29:00+00:00"", ""satellite"": ""N"", ""source_dataset"": ""VIIRS_SNPP_SP"", ""version"": ""2""}]",2,0,1,1,334.865,303.46000000000004,,,0.49,0.485,2,0,0,0,2,0,1,3.795,4.67,,,1.0,0.0,False,334.865,303.46000000000004,,
TG-firms-8295a4e43343f0318709,,,false,,,false,19.7,19.7,,,,0.0,1.0,0.0,0.0,1.0,1.0,6.0,5.287638888888889,16.9,2.6737224543914953,1.0,,,,,,,,,,,,,,,,18.6605,81.065,2026-04-27T09:42:00+00:00,2026-04-27T09:42:00+00:00,,false,false,100,above_baseline,17,Normal,,"{""MODIS_SP"": 1}","[{""count"": 1, ""first_acquired_at"": ""2026-04-27T09:42:00+00:00"", ""instrument"": ""MODIS"", ""last_acquired_at"": ""2026-04-27T09:42:00+00:00"", ""satellite"": ""Aqua"", ""source_dataset"": ""MODIS_SP"", ""version"": ""61.03""}]",0,1,1,1,,,331.7,305.8,1.0,1.0,0,0,0,1,1,0,1,,,19.7,19.7,1.0,0.0,False,,,331.7,305.8
TG-firms-85266a40ff25a20d80fe,,,false,,,false,2.76,2.76,342.11,342.11,0.5,0.0,1.0,0.0,0.0,1.0,1.0,0.0,,,,0.0,,,,,,,,,,,,,,,,31.39232,75.77402,2026-06-04T07:39:00+00:00,2026-06-04T07:39:00+00:00,,false,false,,unavailable,1,Normal,,"{""VIIRS_NOAA20_NRT"": 1}","[{""count"": 1, ""first_acquired_at"": ""2026-06-04T07:39:00+00:00"", ""instrument"": ""VIIRS"", ""last_acquired_at"": ""2026-06-04T07:39:00+00:00"", ""satellite"": ""N20"", ""source_dataset"": ""VIIRS_NOAA20_NRT"", ""version"": ""2.0NRT""}]",1,0,1,1,342.11,306.41,,,0.39,0.44,0,1,0,0,1,0,1,2.76,2.76,,,1.0,0.0,False,342.11,306.41,,
TG-firms-8601bb008c74fb861467,,,false,,,false,5.84,5.84,349.25,349.41,0.5,0.0,2.0,0.0,0.22167208887536655,1.0,2.0,1.0,,,,0.0,,,,,,,,,,,,,,,,19.484655,80.91187,2026-04-25T08:07:00+00:00,2026-04-25T08:07:00+00:00,,false,false,,unavailable,2,Normal,,"{""VIIRS_SNPP_SP"": 2}","[{""count"": 2, ""first_acquired_at"": ""2026-04-25T08:07:00+00:00"", ""instrument"": ""VIIRS"", ""last_acquired_at"": ""2026-04-25T08:07:00+00:00"", ""satellite"": ""N"", ""source_dataset"": ""VIIRS_SNPP_SP"", ""version"": ""2""}]",2,0,1,1,349.25,307.615,,,0.44,0.38,2,0,0,0,2,0,1,5.84,5.84,,,1.0,0.0,False,349.25,307.615,,
TG-firms-86070912695f66b59267,,,false,,,false,0.87,0.87,300.6,300.6,0.5,0.0,1.0,1.0,0.0,1.0,1.0,1.0,,,,0.0,,,,,,,,,,,,,,,,18.85661,81.0753,2026-04-24T20:56:00+00:00,2026-04-24T20:56:00+00:00,,false,false,,unavailable,0,Normal,,"{""VIIRS_SNPP_SP"": 1}","[{""count"": 1, ""first_acquired_at"": ""2026-04-24T20:56:00+00:00"", ""instrument"": ""VIIRS"", ""last_acquired_at"": ""2026-04-24T20:56:00+00:00"", ""satellite"": ""N"", ""source_dataset"": ""VIIRS_SNPP_SP"", ""version"": ""2""}]",1,0,1,1,300.6,286.92,,,0.34,0.56,1,0,0,0,1,0,1,0.87,0.87,,,0.0,1.0,False,300.6,286.92,,
TG-firms-870b462a74eed7e91086,angul_talcher_sep_2026,agricultural_vegetation_fire,true,PRAGYAX_review,NASA FIRMS: https://firms.modaps.eosdis.nasa.gov/map/index.html ; project FIRMS observation and stored geospatial context reviewed,false,1.67,1.67,315.54,325.41,0.5,0.0,2.0,1.0,0.17498569978780856,1.0,2.0,1.0,,,,0.0,,,,,,,,,,,,,,,,20.88569,84.9837,2026-09-05T20:46:00+00:00,2026-09-05T20:46:00+00:00,,false,false,,unavailable,1,Normal,,,,,,,,,,,,,,,,,,,,,,,,,,,,,,,
TG-firms-87b9a2a6575819d49310,,,false,,,false,2.6399999999999997,3.02,303.395,304.09,0.5,0.0,2.0,1.0,0.2072733974829878,1.0,2.0,0.0,,,,0.0,,,,,,,,,,,,,,,,18.720950000000002,80.505165,2026-04-25T20:37:00+00:00,2026-04-25T20:37:00+00:00,,false,false,,unavailable,1,Normal,,"{""VIIRS_SNPP_SP"": 2}","[{""count"": 2, ""first_acquired_at"": ""2026-04-25T20:37:00+00:00"", ""instrument"": ""VIIRS"", ""last_acquired_at"": ""2026-04-25T20:37:00+00:00"", ""satellite"": ""N"", ""source_dataset"": ""VIIRS_SNPP_SP"", ""version"": ""2""}]",2,0,1,1,303.395,287.97,,,0.49,0.4,2,0,0,0,2,0,1,2.6399999999999997,3.02,,,0.0,1.0,False,303.395,287.97,,
TG-firms-889ac864d33ccc099b73,hazira_aug_2026,natural_thermal_event,true,PRAGYAX_review,NASA FIRMS: https://firms.modaps.eosdis.nasa.gov/map/index.html ; OSM industrial context verified at <coordinates>; repeated FIRMS observations verified from ThermaGuard historical data,false,1.08,1.08,308.94,308.94,0.5,0.0,1.0,1.0,0.0,1.0,1.0,0.0,,,,0.0,,,,,,,,,,,,,,,,19.96435,79.33541,2026-08-10T20:34:00+00:00,2026-08-10T20:34:00+00:00,,false,false,,unavailable,0,Normal,,,,,,,,,,,,,,,,,,,,,,,,,,,,,,,
TG-firms-895a03ae3333de3b0397,,,false,,,false,7.58,7.58,338.12,338.12,0.5,0.0,1.0,0.0,0.0,1.0,1.0,0.0,,,,0.0,,,,,,,,,,,,,,,,31.36195,75.71702,2026-06-02T08:18:00+00:00,2026-06-02T08:18:00+00:00,,false,false,,unavailable,3,Normal,,"{""VIIRS_NOAA20_NRT"": 1}","[{""count"": 1, ""first_acquired_at"": ""2026-06-02T08:18:00+00:00"", ""instrument"": ""VIIRS"", ""last_acquired_at"": ""2026-06-02T08:18:00+00:00"", ""satellite"": ""N20"", ""source_dataset"": ""VIIRS_NOAA20_NRT"", ""version"": ""2.0NRT""}]",1,0,1,1,338.12,306.84,,,0.46,0.39,0,1,0,0,1,0,1,7.58,7.58,,,1.0,0.0,False,338.12,306.84,,
TG-firms-8a44e9019e5042784a6c,,,false,,,false,1.4,1.4,333.86,333.86,0.0,0.0,1.0,0.0,0.0,1.0,1.0,0.0,,,,0.0,,,,,,,,,,,,,,,,31.41855,75.80988,2026-06-04T07:39:00+00:00,2026-06-04T07:39:00+00:00,,false,false,,unavailable,6,Normal,,"{""VIIRS_NOAA20_NRT"": 1}","[{""count"": 1, ""first_acquired_at"": ""2026-06-04T07:39:00+00:00"", ""instrument"": ""VIIRS"", ""last_acquired_at"": ""2026-06-04T07:39:00+00:00"", ""satellite"": ""N20"", ""source_dataset"": ""VIIRS_NOAA20_NRT"", ""version"": ""2.0NRT""}]",1,0,1,1,333.86,307.71,,,0.39,0.44,0,1,0,0,1,0,1,1.4,1.4,,,1.0,0.0,False,333.86,307.71,,
TG-firms-8a67566a599ae6b4f7a2,,,false,,,false,2.79,2.79,345.62,345.62,0.5,0.0,1.0,0.0,0.0,1.0,1.0,0.0,,,,0.0,,,,,,,,,,,,,,,,22.21201,70.15067,2026-05-28T08:09:00+00:00,2026-05-28T08:09:00+00:00,,false,false,,unavailable,1,Normal,,"{""VIIRS_NOAA20_SP"": 1}","[{""count"": 1, ""first_acquired_at"": ""2026-05-28T08:09:00+00:00"", ""instrument"": ""VIIRS"", ""last_acquired_at"": ""2026-05-28T08:09:00+00:00"", ""satellite"": ""N20"", ""source_dataset"": ""VIIRS_NOAA20_SP"", ""version"": ""2""}]",1,0,1,1,345.62,315.02,,,0.42,0.45,0,1,0,0,1,0,1,2.79,2.79,,,1.0,0.0,False,345.62,315.02,,
TG-firms-8ed190c1e3f8c43525a0,,,false,,,false,2.25,2.81,335.27250000000004,336.89,0.25,0.7833333333333333,4.0,0.0,0.3470529588999223,1.0,4.0,0.0,,,,0.0,,,,,,,,,,,,,,,,31.5290675,75.840445,2026-06-05T07:22:00+00:00,2026-06-05T08:09:00+00:00,,false,false,,unavailable,1,Normal,,"{""VIIRS_NOAA20_NRT"": 2, ""VIIRS_NOAA21_NRT"": 2}","[{""count"": 2, ""first_acquired_at"": ""2026-06-05T07:22:00+00:00"", ""instrument"": ""VIIRS"", ""last_acquired_at"": ""2026-06-05T07:22:00+00:00"", ""satellite"": ""N20"", ""source_dataset"": ""VIIRS_NOAA20_NRT"", ""version"": ""2.0NRT""}, {""count"": 2, ""first_acquired_at"": ""2026-06-05T08:09:00+00:00"", ""instrument"": ""VIIRS"", ""last_acquired_at"": ""2026-06-05T08:09:00+00:00"", ""satellite"": ""N21"", ""source_dataset"": ""VIIRS_NOAA21_NRT"", ""version"": ""2.0NRT""}]",4,0,2,1,335.27250000000004,304.4075,,,0.38,0.47,0,2,2,0,4,0,1,2.25,2.81,,,1.0,0.0,True,335.27250000000004,304.4075,,
TG-firms-917e06c4738f4d507ed8,,,false,,,false,2.98,2.98,336.35,336.35,0.5,0.0,1.0,0.0,0.0,1.0,1.0,3.0,,,,0.0,,,,,,,,,,,,,,,,19.20979,81.20732,2026-05-30T07:30:00+00:00,2026-05-30T07:30:00+00:00,,false,false,,unavailable,1,Normal,,"{""VIIRS_NOAA20_SP"": 1}","[{""count"": 1, ""first_acquired_at"": ""2026-05-30T07:30:00+00:00"", ""instrument"": ""VIIRS"", ""last_acquired_at"": ""2026-05-30T07:30:00+00:00"", ""satellite"": ""N20"", ""source_dataset"": ""VIIRS_NOAA20_SP"", ""version"": ""2""}]",1,0,1,1,336.35,303.5,,,0.39,0.44,0,1,0,0,1,0,1,2.98,2.98,,,1.0,0.0,False,336.35,303.5,,
TG-firms-93f033a2728e97f02e7a,,,false,,,false,54.52333333333333,163.91,,,,25.9,6.0,0.0,1.8653223069714164,2.0,0.23166023166023167,0.0,,,,0.0,,,,,,,,,,,,,,,,19.207731666666668,81.26578166666667,2026-04-26T07:48:00+00:00,2026-04-27T09:42:00+00:00,,false,false,,unavailable,60,Medium,,"{""MODIS_SP"": 2, ""VIIRS_SNPP_SP"": 4}","[{""count"": 2, ""first_acquired_at"": ""2026-04-27T09:42:00+00:00"", ""instrument"": ""MODIS"", ""last_acquired_at"": ""2026-04-27T09:42:00+00:00"", ""satellite"": ""Aqua"", ""source_dataset"": ""MODIS_SP"", ""version"": ""61.03""}, {""count"": 4, ""first_acquired_at"": ""2026-04-26T07:48:00+00:00"", ""instrument"": ""VIIRS"", ""last_acquired_at"": ""2026-04-27T07:29:00+00:00"", ""satellite"": ""N"", ""source_dataset"": ""VIIRS_SNPP_SP"", ""version"": ""2""}]",4,2,2,2,345.225,304.38,341.2,304.4,0.6316666666666667,0.63,4,0,0,2,6,0,2,64.385,163.91,34.8,36.5,1.0,0.0,True,345.225,304.38,341.2,304.4
TG-firms-94642bcbff7954a890a3,,,false,,,false,10.225000000000001,14.8,342.885,349.07,0.5,0.0,2.0,0.0,0.21831155693224302,1.0,2.0,0.0,,,,0.0,,,,,,,,,,,,,,,,19.669285000000002,80.94817,2026-04-25T08:07:00+00:00,2026-04-25T08:07:00+00:00,,false,false,,unavailable,5,Normal,,"{""VIIRS_SNPP_SP"": 2}","[{""count"": 2, ""first_acquired_at"": ""2026-04-25T08:07:00+00:00"", ""instrument"": ""VIIRS"", ""last_acquired_at"": ""2026-04-25T08:07:00+00:00"", ""satellite"": ""N"", ""source_dataset"": ""VIIRS_SNPP_SP"", ""version"": ""2""}]",2,0,1,1,342.885,292.405,,,0.44,0.38,2,0,0,0,2,0,1,10.225000000000001,14.8,,,1.0,0.0,False,342.885,292.405,,
TG-firms-95c9d467e6db86dad0f2,,,false,,,false,2.01,2.01,335.42,335.42,0.5,0.0,1.0,0.0,0.0,1.0,1.0,0.0,,,,0.0,,,,,,,,,,,,,,,,19.36086,80.84886,2026-04-25T08:07:00+00:00,2026-04-25T08:07:00+00:00,,false,false,,unavailable,1,Normal,,"{""VIIRS_SNPP_SP"": 1}","[{""count"": 1, ""first_acquired_at"": ""2026-04-25T08:07:00+00:00"", ""instrument"": ""VIIRS"", ""last_acquired_at"": ""2026-04-25T08:07:00+00:00"", ""satellite"": ""N"", ""source_dataset"": ""VIIRS_SNPP_SP"", ""version"": ""2""}]",1,0,1,1,335.42,304.04,,,0.43,0.38,1,0,0,0,1,0,1,2.01,2.01,,,1.0,0.0,False,335.42,304.04,,
TG-firms-9844846da7e36a1dff86,,,false,,,false,1.835,2.18,336.745,337.84,0.25,0.0,2.0,0.0,0.10022843196050472,1.0,2.0,0.0,,,,0.0,,,,,,,,,,,,,,,,19.076895,80.77668,2026-04-24T08:26:00+00:00,2026-04-24T08:26:00+00:00,,false,false,,unavailable,1,Normal,,"{""VIIRS_SNPP_SP"": 2}","[{""count"": 2, ""first_acquired_at"": ""2026-04-24T08:26:00+00:00"", ""instrument"": ""VIIRS"", ""last_acquired_at"": ""2026-04-24T08:26:00+00:00"", ""satellite"": ""N"", ""source_dataset"": ""VIIRS_SNPP_SP"", ""version"": ""2""}]",2,0,1,1,336.745,307.11,,,0.52,0.5,2,0,0,0,2,0,1,1.835,2.18,,,1.0,0.0,False,336.745,307.11,,
TG-firms-9854378a2d512e13981b,,,false,,,false,1.06,1.06,303.51,303.51,0.5,0.0,1.0,1.0,0.0,1.0,1.0,0.0,,,,0.0,,,,,,,,,,,,,,,,18.64109,81.19719,2026-04-23T19:34:00+00:00,2026-04-23T19:34:00+00:00,,false,false,,unavailable,5,Normal,,"{""VIIRS_SNPP_SP"": 1}","[{""count"": 1, ""first_acquired_at"": ""2026-04-23T19:34:00+00:00"", ""instrument"": ""VIIRS"", ""last_acquired_at"": ""2026-04-23T19:34:00+00:00"", ""satellite"": ""N"", ""source_dataset"": ""VIIRS_SNPP_SP"", ""version"": ""2""}]",1,0,1,1,303.51,290.57,,,0.48,0.65,1,0,0,0,1,0,1,1.06,1.06,,,0.0,1.0,False,303.51,290.57,,
TG-firms-989065645e244301420f,,,false,,,false,3.75,3.75,341.86,341.86,0.0,0.0,1.0,0.0,5.328930589342739e-14,1.0,1.0,1.0,,,,0.0,,,,,,,,,,,,,,,,19.40103,81.00846,2026-04-26T07:48:00+00:00,2026-04-26T07:48:00+00:00,,false,false,,unavailable,1,Normal,,"{""VIIRS_SNPP_SP"": 1}","[{""count"": 1, ""first_acquired_at"": ""2026-04-26T07:48:00+00:00"", ""instrument"": ""VIIRS"", ""last_acquired_at"": ""2026-04-26T07:48:00+00:00"", ""satellite"": ""N"", ""source_dataset"": ""VIIRS_SNPP_SP"", ""version"": ""2""}]",1,0,1,1,341.86,307.94,,,0.41,0.37,1,0,0,0,1,0,1,3.75,3.75,,,1.0,0.0,False,341.86,307.94,,
TG-firms-9892d1057eca6a120859,,,false,,,false,5.52,5.52,342.84,342.84,0.5,0.0,1.0,0.0,0.0,1.0,1.0,0.0,,,,0.0,,,,,,,,,,,,,,,,18.72639,81.16915,2026-04-25T08:07:00+00:00,2026-04-25T08:07:00+00:00,,false,false,,unavailable,2,Normal,,"{""VIIRS_SNPP_SP"": 1}","[{""count"": 1, ""first_acquired_at"": ""2026-04-25T08:07:00+00:00"", ""instrument"": ""VIIRS"", ""last_acquired_at"": ""2026-04-25T08:07:00+00:00"", ""satellite"": ""N"", ""source_dataset"": ""VIIRS_SNPP_SP"", ""version"": ""2""}]",1,0,1,1,342.84,308.65,,,0.44,0.38,1,0,0,0,1,0,1,5.52,5.52,,,1.0,0.0,False,342.84,308.65,,
TG-firms-99521e94843c7ed9aca6,,,false,,,false,3.73,3.73,338.68,338.68,0.5,0.0,1.0,0.0,1.3651359459374235e-13,1.0,1.0,0.0,,,,0.0,,,,,,,,,,,,,,,,31.06728,75.71633,2026-06-02T08:18:00+00:00,2026-06-02T08:18:00+00:00,,false,false,,unavailable,1,Normal,,"{""VIIRS_NOAA20_NRT"": 1}","[{""count"": 1, ""first_acquired_at"": ""2026-06-02T08:18:00+00:00"", ""instrument"": ""VIIRS"", ""last_acquired_at"": ""2026-06-02T08:18:00+00:00"", ""satellite"": ""N20"", ""source_dataset"": ""VIIRS_NOAA20_NRT"", ""version"": ""2.0NRT""}]",1,0,1,1,338.68,306.93,,,0.46,0.39,0,1,0,0,1,0,1,3.73,3.73,,,1.0,0.0,False,338.68,306.93,,
TG-firms-99e647294125979d9f81,,,false,,,false,2.91,2.91,336.34,336.34,0.0,0.0,1.0,0.0,1.5425313566452203e-13,1.0,1.0,1.0,,,,0.0,,,,,,,,,,,,,,,,19.61247,81.04417,2026-05-30T07:31:00+00:00,2026-05-30T07:31:00+00:00,,false,false,,unavailable,1,Normal,,"{""VIIRS_NOAA20_SP"": 1}","[{""count"": 1, ""first_acquired_at"": ""2026-05-30T07:31:00+00:00"", ""instrument"": ""VIIRS"", ""last_acquired_at"": ""2026-05-30T07:31:00+00:00"", ""satellite"": ""N20"", ""source_dataset"": ""VIIRS_NOAA20_SP"", ""version"": ""2""}]",1,0,1,1,336.34,309.65,,,0.39,0.44,0,1,0,0,1,0,1,2.91,2.91,,,1.0,0.0,False,336.34,309.65,,
TG-firms-9a18588c36188322490a,,,false,,,false,7.61,7.61,,,,0.0,1.0,0.0,2.6129660147881534e-14,1.0,1.0,0.0,,,,0.0,,,,,,,,,,,,,,,,30.96889,75.5692,2026-06-05T09:56:00+00:00,2026-06-05T09:56:00+00:00,,false,false,,unavailable,3,Normal,,"{""MODIS_NRT"": 1}","[{""count"": 1, ""first_acquired_at"": ""2026-06-05T09:56:00+00:00"", ""instrument"": ""MODIS"", ""last_acquired_at"": ""2026-06-05T09:56:00+00:00"", ""satellite"": ""Aqua"", ""source_dataset"": ""MODIS_NRT"", ""version"": ""6.1NRT""}]",0,1,1,1,,,328.45,310.4,1.06,1.03,0,0,0,1,1,0,1,,,7.61,7.61,1.0,0.0,False,,,328.45,310.4
TG-firms-9c5ff32a9b8d9d40c896,,,false,,,false,4.77,4.77,349.14,349.14,0.5,0.0,1.0,0.0,0.0,1.0,1.0,0.0,,,,0.0,,,,,,,,,,,,,,,,31.189,75.8991,2026-06-04T07:39:00+00:00,2026-06-04T07:39:00+00:00,,false,false,,unavailable,2,Normal,,"{""VIIRS_NOAA20_NRT"": 1}","[{""count"": 1, ""first_acquired_at"": ""2026-06-04T07:39:00+00:00"", ""instrument"": ""VIIRS"", ""last_acquired_at"": ""2026-06-04T07:39:00+00:00"", ""satellite"": ""N20"", ""source_dataset"": ""VIIRS_NOAA20_NRT"", ""version"": ""2.0NRT""}]",1,0,1,1,349.14,309.41,,,0.39,0.44,0,1,0,0,1,0,1,4.77,4.77,,,1.0,0.0,False,349.14,309.41,,
TG-firms-9c6e594561256850e055,,,false,,,false,5.54,5.54,341.48,341.48,0.0,0.0,1.0,0.0,0.0,1.0,1.0,0.0,,,,0.0,,,,,,,,,,,,,,,,18.56236,80.54971,2026-04-26T07:48:00+00:00,2026-04-26T07:48:00+00:00,,false,false,,unavailable,2,Normal,,"{""VIIRS_SNPP_SP"": 1}","[{""count"": 1, ""first_acquired_at"": ""2026-04-26T07:48:00+00:00"", ""instrument"": ""VIIRS"", ""last_acquired_at"": ""2026-04-26T07:48:00+00:00"", ""satellite"": ""N"", ""source_dataset"": ""VIIRS_SNPP_SP"", ""version"": ""2""}]",1,0,1,1,341.48,311.16,,,0.43,0.38,1,0,0,0,1,0,1,5.54,5.54,,,1.0,0.0,False,341.48,311.16,,
TG-firms-9d43756af5b3e97a2cee,,,false,,,false,2.84,3.3,333.92,335.1,0.5,0.0,2.0,0.0,0.20888033731502254,1.0,2.0,0.0,,,,0.0,,,,,,,,,,,,,,,,18.55822,81.31208000000001,2026-04-26T07:48:00+00:00,2026-04-26T07:48:00+00:00,,false,false,,unavailable,1,Normal,,"{""VIIRS_SNPP_SP"": 2}","[{""count"": 2, ""first_acquired_at"": ""2026-04-26T07:48:00+00:00"", ""instrument"": ""VIIRS"", ""last_acquired_at"": ""2026-04-26T07:48:00+00:00"", ""satellite"": ""N"", ""source_dataset"": ""VIIRS_SNPP_SP"", ""version"": ""2""}]",2,0,1,1,333.92,305.775,,,0.41,0.37,2,0,0,0,2,0,1,2.84,3.3,,,1.0,0.0,False,333.92,305.775,,
TG-firms-a04a0c4b03fb08e04cb2,,,false,,,false,8.84,8.84,342.91,342.91,0.0,0.0,1.0,0.0,0.0,1.0,1.0,1.0,,,,0.0,,,,,,,,,,,,,,,,19.3188,81.06317,2026-04-26T07:48:00+00:00,2026-04-26T07:48:00+00:00,,false,false,,unavailable,3,Normal,,"{""VIIRS_SNPP_SP"": 1}","[{""count"": 1, ""first_acquired_at"": ""2026-04-26T07:48:00+00:00"", ""instrument"": ""VIIRS"", ""last_acquired_at"": ""2026-04-26T07:48:00+00:00"", ""satellite"": ""N"", ""source_dataset"": ""VIIRS_SNPP_SP"", ""version"": ""2""}]",1,0,1,1,342.91,314.33,,,0.41,0.37,1,0,0,0,1,0,1,8.84,8.84,,,1.0,0.0,False,342.91,314.33,,
TG-firms-a0740c7f2da0af990543,,,false,,,false,3.47,3.47,330.59,330.59,0.5,0.0,1.0,0.0,0.0,1.0,1.0,0.0,,,,0.0,,,,,,,,,,,,,,,,19.18813,80.85638,2026-04-23T08:45:00+00:00,2026-04-23T08:45:00+00:00,,false,false,,unavailable,1,Normal,,"{""VIIRS_SNPP_SP"": 1}","[{""count"": 1, ""first_acquired_at"": ""2026-04-23T08:45:00+00:00"", ""instrument"": ""VIIRS"", ""last_acquired_at"": ""2026-04-23T08:45:00+00:00"", ""satellite"": ""N"", ""source_dataset"": ""VIIRS_SNPP_SP"", ""version"": ""2""}]",1,0,1,1,330.59,300.24,,,0.53,0.67,1,0,0,0,1,0,1,3.47,3.47,,,1.0,0.0,False,330.59,300.24,,
TG-firms-a17b28abe4a024e48516,,,false,,,false,6.15,6.15,347.37,347.37,0.5,0.0,1.0,0.0,0.0,1.0,1.0,0.0,,,,0.0,,,,,,,,,,,,,,,,18.5463,81.19574,2026-04-25T08:07:00+00:00,2026-04-25T08:07:00+00:00,,false,false,,unavailable,2,Normal,,"{""VIIRS_SNPP_SP"": 1}","[{""count"": 1, ""first_acquired_at"": ""2026-04-25T08:07:00+00:00"", ""instrument"": ""VIIRS"", ""last_acquired_at"": ""2026-04-25T08:07:00+00:00"", ""satellite"": ""N"", ""source_dataset"": ""VIIRS_SNPP_SP"", ""version"": ""2""}]",1,0,1,1,347.37,304.25,,,0.44,0.38,1,0,0,0,1,0,1,6.15,6.15,,,1.0,0.0,False,347.37,304.25,,
TG-firms-a3acc4f82f4d46ae699f,,,false,,,false,7.9,7.9,,,,0.0,1.0,0.0,0.0,1.0,1.0,0.0,,,,0.0,,,,,,,,,,,,,,,,19.7501,80.8063,2026-04-27T09:43:00+00:00,2026-04-27T09:43:00+00:00,,false,false,,unavailable,3,Normal,,"{""MODIS_SP"": 1}","[{""count"": 1, ""first_acquired_at"": ""2026-04-27T09:43:00+00:00"", ""instrument"": ""MODIS"", ""last_acquired_at"": ""2026-04-27T09:43:00+00:00"", ""satellite"": ""Aqua"", ""source_dataset"": ""MODIS_SP"", ""version"": ""61.03""}]",0,1,1,1,,,324.9,308.7,1.0,1.0,0,0,0,1,1,0,1,,,7.9,7.9,1.0,0.0,False,,,324.9,308.7
TG-firms-a617ae924cf7f5c8fb91,,,false,,,false,4.54,4.54,340.75,340.75,0.5,0.0,1.0,0.0,0.0,1.0,1.0,0.0,,,,0.0,,,,,,,,,,,,,,,,31.40835,74.59126,2026-06-02T08:18:00+00:00,2026-06-02T08:18:00+00:00,,false,false,,unavailable,2,Normal,,"{""VIIRS_NOAA20_NRT"": 1}","[{""count"": 1, ""first_acquired_at"": ""2026-06-02T08:18:00+00:00"", ""instrument"": ""VIIRS"", ""last_acquired_at"": ""2026-06-02T08:18:00+00:00"", ""satellite"": ""N20"", ""source_dataset"": ""VIIRS_NOAA20_NRT"", ""version"": ""2.0NRT""}]",1,0,1,1,340.75,310.58,,,0.42,0.38,0,1,0,0,1,0,1,4.54,4.54,,,1.0,0.0,False,340.75,310.58,,
TG-firms-a6367d32ffac13eeece8,korba_sep_2026,possible_false_positive,true,PRAGYAX_review,"NASA FIRMS: https://firms.modaps.eosdis.nasa.gov/map/index.html ; coordinates=22.32055,82.56607 ; stored recurrence_count=0.0",false,1.13,1.13,296.17,296.17,0.5,0.0,1.0,1.0,0.0,1.0,1.0,0.0,,,,0.0,,,,,,,,,,,,,,,,22.32055,82.56607,2026-09-08T19:49:00+00:00,2026-09-08T19:49:00+00:00,,false,false,,unavailable,0,Normal,,,,,,,,,,,,,,,,,,,,,,,,,,,,,,,
TG-firms-a7539bd0f1c4a1f88ee3,,,false,,,false,15.37,15.37,,,,0.0,1.0,0.0,0.0,1.0,1.0,0.0,,,,0.0,,,,,,,,,,,,,,,,31.09836,75.79777,2026-06-02T09:41:00+00:00,2026-06-02T09:41:00+00:00,,false,false,,unavailable,5,Normal,,"{""MODIS_NRT"": 1}","[{""count"": 1, ""first_acquired_at"": ""2026-06-02T09:41:00+00:00"", ""instrument"": ""MODIS"", ""last_acquired_at"": ""2026-06-02T09:41:00+00:00"", ""satellite"": ""Aqua"", ""source_dataset"": ""MODIS_NRT"", ""version"": ""6.1NRT""}]",0,1,1,1,,,326.31,307.01,1.6,1.25,0,0,0,1,1,0,1,,,15.37,15.37,1.0,0.0,False,,,326.31,307.01
TG-firms-a9698d4112af9d8bac01,,,false,,,false,3.69,3.69,337.47,337.47,0.0,0.0,1.0,0.0,0.0,1.0,1.0,0.0,,,,0.0,,,,,,,,,,,,,,,,19.37846,80.92498,2026-04-25T08:07:00+00:00,2026-04-25T08:07:00+00:00,,false,false,,unavailable,1,Normal,,"{""VIIRS_SNPP_SP"": 1}","[{""count"": 1, ""first_acquired_at"": ""2026-04-25T08:07:00+00:00"", ""instrument"": ""VIIRS"", ""last_acquired_at"": ""2026-04-25T08:07:00+00:00"", ""satellite"": ""N"", ""source_dataset"": ""VIIRS_SNPP_SP"", ""version"": ""2""}]",1,0,1,1,337.47,307.64,,,0.44,0.38,1,0,0,0,1,0,1,3.69,3.69,,,1.0,0.0,False,337.47,307.64,,
TG-firms-a96bb8b3d86151eaa6ab,,,false,,,false,1.25,1.25,310.47,310.47,0.5,0.0,1.0,1.0,0.0,1.0,1.0,0.0,,,,0.0,,,,,,,,,,,,,,,,19.08663,80.88969,2026-05-29T20:19:00+00:00,2026-05-29T20:19:00+00:00,,false,false,,unavailable,5,Normal,,"{""VIIRS_NOAA20_SP"": 1}","[{""count"": 1, ""first_acquired_at"": ""2026-05-29T20:19:00+00:00"", ""instrument"": ""VIIRS"", ""last_acquired_at"": ""2026-05-29T20:19:00+00:00"", ""satellite"": ""N20"", ""source_dataset"": ""VIIRS_NOAA20_SP"", ""version"": ""2""}]",1,0,1,1,310.47,297.16,,,0.39,0.36,0,1,0,0,1,0,1,1.25,1.25,,,0.0,1.0,False,310.47,297.16,,
TG-firms-aa68c893d4a4539f2160,,,false,,,false,2.05,2.05,312.45,312.45,0.5,0.0,1.0,1.0,0.0,1.0,1.0,3.0,,,,0.0,,,,,,,,,,,,,,,,18.79925,81.24757,2026-04-26T20:18:00+00:00,2026-04-26T20:18:00+00:00,,false,false,,unavailable,1,Normal,,"{""VIIRS_SNPP_SP"": 1}","[{""count"": 1, ""first_acquired_at"": ""2026-04-26T20:18:00+00:00"", ""instrument"": ""VIIRS"", ""last_acquired_at"": ""2026-04-26T20:18:00+00:00"", ""satellite"": ""N"", ""source_dataset"": ""VIIRS_SNPP_SP"", ""version"": ""2""}]",1,0,1,1,312.45,296.83,,,0.38,0.36,1,0,0,0,1,0,1,2.05,2.05,,,0.0,1.0,False,312.45,296.83,,
TG-firms-ac42b8e8617c0a2d7631,,,false,,,false,3.0,3.0,333.72,333.72,0.0,0.0,1.0,0.0,5.327452899694409e-14,1.0,1.0,3.0,,,,0.0,,,,,,,,,,,,,,,,19.25046,81.08173,2026-05-28T08:08:00+00:00,2026-05-28T08:08:00+00:00,,false,false,,unavailable,1,Normal,,"{""VIIRS_NOAA20_SP"": 1}","[{""count"": 1, ""first_acquired_at"": ""2026-05-28T08:08:00+00:00"", ""instrument"": ""VIIRS"", ""last_acquired_at"": ""2026-05-28T08:08:00+00:00"", ""satellite"": ""N20"", ""source_dataset"": ""VIIRS_NOAA20_SP"", ""version"": ""2""}]",1,0,1,1,333.72,304.97,,,0.51,0.41,0,1,0,0,1,0,1,3.0,3.0,,,1.0,0.0,False,333.72,304.97,,
TG-firms-ad3cb05f97a9e6fae15b,,,false,,,false,1.08,1.08,306.84,306.84,0.5,0.0,1.0,1.0,0.0,1.0,1.0,0.0,,,,0.0,,,,,,,,,,,,,,,,30.84646,75.92138,2026-06-02T20:42:00+00:00,2026-06-02T20:42:00+00:00,,false,false,,unavailable,5,Normal,,"{""VIIRS_NOAA20_NRT"": 1}","[{""count"": 1, ""first_acquired_at"": ""2026-06-02T20:42:00+00:00"", ""instrument"": ""VIIRS"", ""last_acquired_at"": ""2026-06-02T20:42:00+00:00"", ""satellite"": ""N20"", ""source_dataset"": ""VIIRS_NOAA20_NRT"", ""version"": ""2.0NRT""}]",1,0,1,1,306.84,295.75,,,0.39,0.36,0,1,0,0,1,0,1,1.08,1.08,,,0.0,1.0,False,306.84,295.75,,
TG-firms-ae93b79f4a97a853e435,,,false,,,false,2.8,2.8,338.18,338.18,0.0,0.0,1.0,0.0,0.0,1.0,1.0,1.0,,,,0.0,,,,,,,,,,,,,,,,19.5832,81.20211,2026-04-26T07:48:00+00:00,2026-04-26T07:48:00+00:00,,false,false,,unavailable,1,Normal,,"{""VIIRS_SNPP_SP"": 1}","[{""count"": 1, ""first_acquired_at"": ""2026-04-26T07:48:00+00:00"", ""instrument"": ""VIIRS"", ""last_acquired_at"": ""2026-04-26T07:48:00+00:00"", ""satellite"": ""N"", ""source_dataset"": ""VIIRS_SNPP_SP"", ""version"": ""2""}]",1,0,1,1,338.18,309.21,,,0.4,0.37,1,0,0,0,1,0,1,2.8,2.8,,,1.0,0.0,False,338.18,309.21,,
TG-firms-af47941831cff165efe9,,,false,,,false,1.52,1.57,305.725,306.34,0.5,0.0,2.0,1.0,0.03549359475672105,1.0,2.0,0.0,,,,0.0,,,,,,,,,,,,,,,,18.876555,81.01128,2026-04-23T19:34:00+00:00,2026-04-23T19:34:00+00:00,,false,false,,unavailable,1,Normal,,"{""VIIRS_SNPP_SP"": 2}","[{""count"": 2, ""first_acquired_at"": ""2026-04-23T19:34:00+00:00"", ""instrument"": ""VIIRS"", ""last_acquired_at"": ""2026-04-23T19:34:00+00:00"", ""satellite"": ""N"", ""source_dataset"": ""VIIRS_SNPP_SP"", ""version"": ""2""}]",2,0,1,1,305.725,292.475,,,0.5,0.66,2,0,0,0,2,0,1,1.52,1.57,,,0.0,1.0,False,305.725,292.475,,
TG-firms-af707ef184b31ec48e2e,,,false,,,false,5.6,5.6,344.61,344.61,0.5,0.0,1.0,0.0,0.0,1.0,1.0,0.0,,,,0.0,,,,,,,,,,,,,,,,31.48824,75.08017,2026-06-05T08:09:00+00:00,2026-06-05T08:09:00+00:00,,false,false,,unavailable,2,Normal,,"{""VIIRS_NOAA21_NRT"": 1}","[{""count"": 1, ""first_acquired_at"": ""2026-06-05T08:09:00+00:00"", ""instrument"": ""VIIRS"", ""last_acquired_at"": ""2026-06-05T08:09:00+00:00"", ""satellite"": ""N21"", ""source_dataset"": ""VIIRS_NOAA21_NRT"", ""version"": ""2.0NRT""}]",1,0,1,1,344.61,309.79,,,0.39,0.36,0,0,1,0,1,0,1,5.6,5.6,,,1.0,0.0,False,344.61,309.79,,
TG-firms-b0ae4b5defa0316c3a71,punjab_sep_2026,possible_false_positive,true,PRAGYAX_review,"NASA FIRMS: https://firms.modaps.eosdis.nasa.gov/map/index.html ; coordinates=31.21099,75.96707 ; stored recurrence_count=0.0",false,2.47,2.47,329.07,329.07,0.5,0.0,1.0,0.0,0.0,1.0,1.0,0.0,,,,0.0,,,,,,,,,,,,,,,,31.21099,75.96707,2026-09-08T07:24:00+00:00,2026-09-08T07:24:00+00:00,,false,false,,unavailable,1,Normal,,,,,,,,,,,,,,,,,,,,,,,,,,,,,,,
TG-firms-b0fc6bd841861ff7275f,,,false,,,false,1.26,1.26,330.92,330.92,0.5,0.0,1.0,0.0,0.0,1.0,1.0,2.0,,,,0.0,,,,,,,,,,,,,,,,18.70832,81.01888,2026-05-27T08:27:00+00:00,2026-05-27T08:27:00+00:00,,false,false,,unavailable,0,Normal,,"{""VIIRS_NOAA20_SP"": 1}","[{""count"": 1, ""first_acquired_at"": ""2026-05-27T08:27:00+00:00"", ""instrument"": ""VIIRS"", ""last_acquired_at"": ""2026-05-27T08:27:00+00:00"", ""satellite"": ""N20"", ""source_dataset"": ""VIIRS_NOAA20_SP"", ""version"": ""2""}]",1,0,1,1,330.92,295.02,,,0.33,0.55,0,1,0,0,1,0,1,1.26,1.26,,,1.0,0.0,False,330.92,295.02,,
TG-firms-b144f61c3593776ae607,,,false,,,false,2.42,2.52,331.625,332.43,0.5,0.0,2.0,0.0,0.19219008472475702,1.0,2.0,1.0,,,,0.0,,,,,,,,,,,,,,,,31.31111,75.34115,2026-06-05T07:22:00+00:00,2026-06-05T07:22:00+00:00,,false,false,,unavailable,1,Normal,,"{""VIIRS_NOAA20_NRT"": 2}","[{""count"": 2, ""first_acquired_at"": ""2026-06-05T07:22:00+00:00"", ""instrument"": ""VIIRS"", ""last_acquired_at"": ""2026-06-05T07:22:00+00:00"", ""satellite"": ""N20"", ""source_dataset"": ""VIIRS_NOAA20_NRT"", ""version"": ""2.0NRT""}]",2,0,1,1,331.625,300.555,,,0.38,0.59,0,2,0,0,2,0,1,2.42,2.52,,,1.0,0.0,False,331.625,300.555,,
TG-firms-b18d8dcd7d8d4604bbf4,,,false,,,false,3.86,3.86,305.59,305.59,0.5,0.0,1.0,1.0,3.463338659478836e-14,1.0,1.0,0.0,,,,0.0,,,,,,,,,,,,,,,,18.92373,81.21948,2026-05-27T20:57:00+00:00,2026-05-27T20:57:00+00:00,,false,false,,unavailable,1,Normal,,"{""VIIRS_NOAA20_SP"": 1}","[{""count"": 1, ""first_acquired_at"": ""2026-05-27T20:57:00+00:00"", ""instrument"": ""VIIRS"", ""last_acquired_at"": ""2026-05-27T20:57:00+00:00"", ""satellite"": ""N20"", ""source_dataset"": ""VIIRS_NOAA20_SP"", ""version"": ""2""}]",1,0,1,1,305.59,288.16,,,0.43,0.62,0,1,0,0,1,0,1,3.86,3.86,,,0.0,1.0,False,305.59,288.16,,
TG-firms-b21337d75f2e1696a2f7,chandrapur_aug_2026,possible_false_positive,true,PRAGYAX_review,NASA FIRMS: https://firms.modaps.eosdis.nasa.gov/map/index.html ; OSM industrial context verified at <coordinates>; repeated FIRMS observations verified from ThermaGuard historical data,false,1.52,1.52,333.62,333.62,0.5,0.0,1.0,0.0,0.0,1.0,1.0,0.0,,,,0.0,,,,,,,,,,,,,,,,19.81181,79.30586,2026-08-10T08:03:00+00:00,2026-08-10T08:03:00+00:00,,false,false,,unavailable,1,Normal,,,,,,,,,,,,,,,,,,,,,,,,,,,,,,,
TG-firms-b3f18e9871e095075e49,,,false,,,false,1.91,1.91,305.56,305.56,0.5,0.0,1.0,1.0,0.0,1.0,1.0,2.0,,,,0.0,,,,,,,,,,,,,,,,22.33153,69.74809,2026-09-09T21:31:00+00:00,2026-09-09T21:31:00+00:00,,false,false,,unavailable,1,Normal,,"{""VIIRS_NOAA20_NRT"": 1}","[{""count"": 1, ""first_acquired_at"": ""2026-09-09T21:31:00+00:00"", ""instrument"": ""VIIRS"", ""last_acquired_at"": ""2026-09-09T21:31:00+00:00"", ""satellite"": ""N20"", ""source_dataset"": ""VIIRS_NOAA20_NRT"", ""version"": ""2.0NRT""}]",1,0,1,1,305.56,294.37,,,0.45,0.47,0,1,0,0,1,0,1,1.91,1.91,,,0.0,1.0,False,305.56,294.37,,
TG-firms-b6c3fd1779b31f9b22c6,,,false,,,false,8.09,8.09,345.82,345.82,0.5,0.0,1.0,0.0,8.045602314102323e-14,1.0,1.0,0.0,,,,0.0,,,,,,,,,,,,,,,,18.64783,81.07394,2026-04-24T08:26:00+00:00,2026-04-24T08:26:00+00:00,,false,false,,unavailable,3,Normal,,"{""VIIRS_SNPP_SP"": 1}","[{""count"": 1, ""first_acquired_at"": ""2026-04-24T08:26:00+00:00"", ""instrument"": ""VIIRS"", ""last_acquired_at"": ""2026-04-24T08:26:00+00:00"", ""satellite"": ""N"", ""source_dataset"": ""VIIRS_SNPP_SP"", ""version"": ""2""}]",1,0,1,1,345.82,304.17,,,0.53,0.5,1,0,0,0,1,0,1,8.09,8.09,,,1.0,0.0,False,345.82,304.17,,
TG-firms-b7b18bf0f5f1ac932d37,,,false,,,false,2.09,2.23,335.32000000000005,335.67,0.0,0.0,2.0,0.0,0.06091788149983646,1.0,2.0,1.0,,,,0.0,,,,,,,,,,,,,,,,19.13519,80.59836999999999,2026-04-26T07:48:00+00:00,2026-04-26T07:48:00+00:00,,false,false,,unavailable,1,Normal,,"{""VIIRS_SNPP_SP"": 2}","[{""count"": 2, ""first_acquired_at"": ""2026-04-26T07:48:00+00:00"", ""instrument"": ""VIIRS"", ""last_acquired_at"": ""2026-04-26T07:48:00+00:00"", ""satellite"": ""N"", ""source_dataset"": ""VIIRS_SNPP_SP"", ""version"": ""2""}]",2,0,1,1,335.32000000000005,308.26,,,0.43,0.38,2,0,0,0,2,0,1,2.09,2.23,,,1.0,0.0,False,335.32000000000005,308.26,,
TG-firms-b87f39a5283e70612e83,,,false,,,false,3.5,3.5,337.21,337.21,0.5,0.0,1.0,0.0,0.0,1.0,1.0,0.0,,,,0.0,,,,,,,,,,,,,,,,18.59594,80.69031,2026-04-27T07:29:00+00:00,2026-04-27T07:29:00+00:00,,false,false,,unavailable,1,Normal,,"{""VIIRS_SNPP_SP"": 1}","[{""count"": 1, ""first_acquired_at"": ""2026-04-27T07:29:00+00:00"", ""instrument"": ""VIIRS"", ""last_acquired_at"": ""2026-04-27T07:29:00+00:00"", ""satellite"": ""N"", ""source_dataset"": ""VIIRS_SNPP_SP"", ""version"": ""2""}]",1,0,1,1,337.21,304.72,,,0.51,0.5,1,0,0,0,1,0,1,3.5,3.5,,,1.0,0.0,False,337.21,304.72,,
TG-firms-b987cbcbedcdf306e4b2,,,false,,,false,6.3,6.3,337.4,337.4,0.5,0.0,1.0,0.0,0.0,1.0,1.0,0.0,,,,0.0,,,,,,,,,,,,,,,,31.50429,75.53582,2026-06-02T07:26:00+00:00,2026-06-02T07:26:00+00:00,,false,false,,unavailable,2,Normal,,"{""VIIRS_NOAA21_NRT"": 1}","[{""count"": 1, ""first_acquired_at"": ""2026-06-02T07:26:00+00:00"", ""instrument"": ""VIIRS"", ""last_acquired_at"": ""2026-06-02T07:26:00+00:00"", ""satellite"": ""N21"", ""source_dataset"": ""VIIRS_NOAA21_NRT"", ""version"": ""2.0NRT""}]",1,0,1,1,337.4,305.0,,,0.61,0.53,0,0,1,0,1,0,1,6.3,6.3,,,1.0,0.0,False,337.4,305.0,,
TG-firms-ba6ab095eeebb16ad4d9,,,false,,,false,4.765000000000001,4.86,339.03,341.79,0.5,0.0,2.0,0.0,0.21071204627093412,1.0,2.0,0.0,,,,0.0,,,,,,,,,,,,,,,,31.660825,75.02992,2026-06-04T07:39:00+00:00,2026-06-04T07:39:00+00:00,,false,false,,unavailable,2,Normal,,"{""VIIRS_NOAA20_NRT"": 2}","[{""count"": 2, ""first_acquired_at"": ""2026-06-04T07:39:00+00:00"", ""instrument"": ""VIIRS"", ""last_acquired_at"": ""2026-06-04T07:39:00+00:00"", ""satellite"": ""N20"", ""source_dataset"": ""VIIRS_NOAA20_NRT"", ""version"": ""2.0NRT""}]",2,0,1,1,339.03,302.75,,,0.42,0.45,0,2,0,0,2,0,1,4.765000000000001,4.86,,,1.0,0.0,False,339.03,302.75,,
TG-firms-bbc1523b68b84ef85c5e,,,false,,,false,20.150000000000002,27.52,351.2866666666667,355.22,0.5,23.7,3.0,0.0,0.907480819553513,2.0,0.12658227848101267,2.0,,,,0.0,,,,,,,,,,,,,,,,19.615863333333333,80.89964666666667,2026-04-26T07:48:00+00:00,2026-04-27T07:30:00+00:00,,false,false,,unavailable,20,Normal,,"{""VIIRS_SNPP_SP"": 3}","[{""count"": 3, ""first_acquired_at"": ""2026-04-26T07:48:00+00:00"", ""instrument"": ""VIIRS"", ""last_acquired_at"": ""2026-04-27T07:30:00+00:00"", ""satellite"": ""N"", ""source_dataset"": ""VIIRS_SNPP_SP"", ""version"": ""2""}]",3,0,1,1,351.2866666666667,308.1633333333333,,,0.45666666666666667,0.4433333333333333,3,0,0,0,3,0,1,20.15,27.52,,,1.0,0.0,False,351.2866666666667,308.1633333333333,,
TG-firms-bc952dce42ff5877a8b2,,,false,,,false,1.77,1.77,334.5,334.5,0.5,0.0,1.0,0.0,0.0,1.0,1.0,0.0,,,,0.0,,,,,,,,,,,,,,,,30.44197,76.01715,2026-06-05T07:22:00+00:00,2026-06-05T07:22:00+00:00,,false,false,,unavailable,1,Normal,,"{""VIIRS_NOAA20_NRT"": 1}","[{""count"": 1, ""first_acquired_at"": ""2026-06-05T07:22:00+00:00"", ""instrument"": ""VIIRS"", ""last_acquired_at"": ""2026-06-05T07:22:00+00:00"", ""satellite"": ""N20"", ""source_dataset"": ""VIIRS_NOAA20_NRT"", ""version"": ""2.0NRT""}]",1,0,1,1,334.5,301.99,,,0.37,0.58,0,1,0,0,1,0,1,1.77,1.77,,,1.0,0.0,False,334.5,301.99,,
TG-firms-bded78cc880a34dc7170,,,false,,,false,27.17264705882353,64.3,,,,58.55,34.0,0.029411764705882353,3.6179677195920763,4.0,0.5807002561912895,0.0,,,,0.0,,,,,,,,,,,,,,,,19.531415588235294,81.04084676470588,2026-04-24T20:56:00+00:00,2026-04-27T07:29:00+00:00,,false,false,,unavailable,33,Medium,,"{""MODIS_SP"": 3, ""VIIRS_SNPP_SP"": 31}","[{""count"": 3, ""first_acquired_at"": ""2026-04-26T09:05:00+00:00"", ""instrument"": ""MODIS"", ""last_acquired_at"": ""2026-04-26T09:05:00+00:00"", ""satellite"": ""Aqua"", ""source_dataset"": ""MODIS_SP"", ""version"": ""61.03""}, {""count"": 31, ""first_acquired_at"": ""2026-04-24T20:56:00+00:00"", ""instrument"": ""VIIRS"", ""last_acquired_at"": ""2026-04-27T07:29:00+00:00"", ""satellite"": ""N"", ""source_dataset"": ""VIIRS_SNPP_SP"", ""version"": ""2""}]",31,3,2,2,346.8990322580645,313.7525806451613,318.8,300.9,0.738235294117647,0.5167647058823529,31,0,0,3,34,0,2,25.07,64.3,48.9,56.5,0.9705882352941176,0.029411764705882353,True,346.8990322580645,313.7525806451613,318.8,300.9
TG-firms-be7cd0fb2cc5456da86a,,,false,,,false,4.285,4.51,340.61,341.09,0.25,0.0,2.0,0.0,0.29028738484884337,1.0,2.0,0.0,,,,0.0,,,,,,,,,,,,,,,,18.668145000000003,80.7582,2026-04-26T07:48:00+00:00,2026-04-26T07:48:00+00:00,,false,false,,unavailable,2,Normal,,"{""VIIRS_SNPP_SP"": 2}","[{""count"": 2, ""first_acquired_at"": ""2026-04-26T07:48:00+00:00"", ""instrument"": ""VIIRS"", ""last_acquired_at"": ""2026-04-26T07:48:00+00:00"", ""satellite"": ""N"", ""source_dataset"": ""VIIRS_SNPP_SP"", ""version"": ""2""}]",2,0,1,1,340.61,310.9,,,0.42,0.38,2,0,0,0,2,0,1,4.285,4.51,,,1.0,0.0,False,340.61,310.9,,
TG-firms-bfc365d6030d27795151,,,false,,,false,2.72,2.72,343.05,343.05,0.5,0.0,1.0,0.0,0.0,1.0,1.0,0.0,,,,0.0,,,,,,,,,,,,,,,,19.39507,81.5802,2026-04-26T07:48:00+00:00,2026-04-26T07:48:00+00:00,,false,false,,unavailable,1,Normal,,"{""VIIRS_SNPP_SP"": 1}","[{""count"": 1, ""first_acquired_at"": ""2026-04-26T07:48:00+00:00"", ""instrument"": ""VIIRS"", ""last_acquired_at"": ""2026-04-26T07:48:00+00:00"", ""satellite"": ""N"", ""source_dataset"": ""VIIRS_SNPP_SP"", ""version"": ""2""}]",1,0,1,1,343.05,310.4,,,0.4,0.37,1,0,0,0,1,0,1,2.72,2.72,,,1.0,0.0,False,343.05,310.4,,
TG-firms-c36c5f36e1f4d497c6ce,,,false,,,false,1.84,1.84,334.48,334.48,0.0,0.0,1.0,0.0,8.978590182973151e-14,1.0,1.0,1.0,,,,0.0,,,,,,,,,,,,,,,,30.9026,76.0131,2026-06-04T07:39:00+00:00,2026-06-04T07:39:00+00:00,,false,false,,unavailable,1,Normal,,"{""VIIRS_NOAA20_NRT"": 1}","[{""count"": 1, ""first_acquired_at"": ""2026-06-04T07:39:00+00:00"", ""instrument"": ""VIIRS"", ""last_acquired_at"": ""2026-06-04T07:39:00+00:00"", ""satellite"": ""N20"", ""source_dataset"": ""VIIRS_NOAA20_NRT"", ""version"": ""2.0NRT""}]",1,0,1,1,334.48,305.53,,,0.38,0.44,0,1,0,0,1,0,1,1.84,1.84,,,1.0,0.0,False,334.48,305.53,,
TG-firms-c47740b77a8b252d0cde,,,false,,,false,4.75,4.75,338.21,338.21,0.0,0.0,1.0,0.0,0.0,1.0,1.0,0.0,,,,0.0,,,,,,,,,,,,,,,,31.09469,75.92872,2026-06-01T07:44:00+00:00,2026-06-01T07:44:00+00:00,,false,false,,unavailable,2,Normal,,"{""VIIRS_NOAA21_NRT"": 1}","[{""count"": 1, ""first_acquired_at"": ""2026-06-01T07:44:00+00:00"", ""instrument"": ""VIIRS"", ""last_acquired_at"": ""2026-06-01T07:44:00+00:00"", ""satellite"": ""N21"", ""source_dataset"": ""VIIRS_NOAA21_NRT"", ""version"": ""2.0NRT""}]",1,0,1,1,338.21,308.5,,,0.49,0.4,0,0,1,0,1,0,1,4.75,4.75,,,1.0,0.0,False,338.21,308.5,,
TG-firms-c5b465818762f8e57c82,,,false,,,false,3.56,3.56,337.9,337.9,0.0,0.0,1.0,0.0,0.0,1.0,1.0,0.0,,,,0.0,,,,,,,,,,,,,,,,31.44864,75.13866,2026-06-05T08:09:00+00:00,2026-06-05T08:09:00+00:00,,false,false,,unavailable,1,Normal,,"{""VIIRS_NOAA21_NRT"": 1}","[{""count"": 1, ""first_acquired_at"": ""2026-06-05T08:09:00+00:00"", ""instrument"": ""VIIRS"", ""last_acquired_at"": ""2026-06-05T08:09:00+00:00"", ""satellite"": ""N21"", ""source_dataset"": ""VIIRS_NOAA21_NRT"", ""version"": ""2.0NRT""}]",1,0,1,1,337.9,308.57,,,0.39,0.37,0,0,1,0,1,0,1,3.56,3.56,,,1.0,0.0,False,337.9,308.57,,
TG-firms-c6aec7fc4b6d35f038b9,,,false,,,false,4.07,4.07,335.92,335.92,0.5,0.0,1.0,0.0,0.0,1.0,1.0,0.0,,,,0.0,,,,,,,,,,,,,,,,19.78824,81.04465,2026-04-24T08:26:00+00:00,2026-04-24T08:26:00+00:00,,false,false,,unavailable,1,Normal,,"{""VIIRS_SNPP_SP"": 1}","[{""count"": 1, ""first_acquired_at"": ""2026-04-24T08:26:00+00:00"", ""instrument"": ""VIIRS"", ""last_acquired_at"": ""2026-04-24T08:26:00+00:00"", ""satellite"": ""N"", ""source_dataset"": ""VIIRS_SNPP_SP"", ""version"": ""2""}]",1,0,1,1,335.92,306.01,,,0.55,0.51,1,0,0,0,1,0,1,4.07,4.07,,,1.0,0.0,False,335.92,306.01,,
TG-firms-c907652fd2133d1bb93f,,,false,,,false,4.84,5.45,336.27666666666664,338.28,0.16666666666666666,0.8166666666666667,3.0,0.0,0.12536657166639295,1.0,3.0,0.0,,,,0.0,,,,,,,,,,,,,,,,31.66413,76.18380666666667,2026-06-04T07:39:00+00:00,2026-06-04T08:28:00+00:00,,false,false,,unavailable,2,Normal,,"{""VIIRS_NOAA20_NRT"": 1, ""VIIRS_NOAA21_NRT"": 2}","[{""count"": 1, ""first_acquired_at"": ""2026-06-04T07:39:00+00:00"", ""instrument"": ""VIIRS"", ""last_acquired_at"": ""2026-06-04T07:39:00+00:00"", ""satellite"": ""N20"", ""source_dataset"": ""VIIRS_NOAA20_NRT"", ""version"": ""2.0NRT""}, {""count"": 2, ""first_acquired_at"": ""2026-06-04T08:28:00+00:00"", ""instrument"": ""VIIRS"", ""last_acquired_at"": ""2026-06-04T08:28:00+00:00"", ""satellite"": ""N21"", ""source_dataset"": ""VIIRS_NOAA21_NRT"", ""version"": ""2.0NRT""}]",3,0,2,1,336.27666666666664,307.18,,,0.49666666666666665,0.4633333333333333,0,1,2,0,3,0,1,4.84,5.45,,,1.0,0.0,True,336.27666666666664,307.18,,
TG-firms-ca3967515b402e1c6090,,,false,,,false,2.68,2.68,341.93,341.93,0.0,0.0,1.0,0.0,0.0,1.0,1.0,0.0,,,,0.0,,,,,,,,,,,,,,,,19.54981,81.10514,2026-04-26T07:48:00+00:00,2026-04-26T07:48:00+00:00,,false,false,,unavailable,1,Normal,,"{""VIIRS_SNPP_SP"": 1}","[{""count"": 1, ""first_acquired_at"": ""2026-04-26T07:48:00+00:00"", ""instrument"": ""VIIRS"", ""last_acquired_at"": ""2026-04-26T07:48:00+00:00"", ""satellite"": ""N"", ""source_dataset"": ""VIIRS_SNPP_SP"", ""version"": ""2""}]",1,0,1,1,341.93,308.84,,,0.41,0.37,1,0,0,0,1,0,1,2.68,2.68,,,1.0,0.0,False,341.93,308.84,,
TG-firms-ca4c39bf4aab56136a03,,,false,,,false,14.25,14.25,340.56,340.56,0.5,0.0,1.0,0.0,0.0,1.0,1.0,0.0,,,,0.0,,,,,,,,,,,,,,,,19.38594,81.89649,2026-05-28T08:08:00+00:00,2026-05-28T08:08:00+00:00,,false,false,,unavailable,5,Normal,,"{""VIIRS_NOAA20_SP"": 1}","[{""count"": 1, ""first_acquired_at"": ""2026-05-28T08:08:00+00:00"", ""instrument"": ""VIIRS"", ""last_acquired_at"": ""2026-05-28T08:08:00+00:00"", ""satellite"": ""N20"", ""source_dataset"": ""VIIRS_NOAA20_SP"", ""version"": ""2""}]",1,0,1,1,340.56,306.95,,,0.57,0.43,0,1,0,0,1,0,1,14.25,14.25,,,1.0,0.0,False,340.56,306.95,,
TG-firms-cace5707e1a55ad39cbb,,,false,,,false,8.81,8.81,344.63,344.63,0.5,0.0,1.0,0.0,0.0,1.0,1.0,0.0,,,,0.0,,,,,,,,,,,,,,,,30.3089,76.01494,2026-06-02T08:18:00+00:00,2026-06-02T08:18:00+00:00,,false,false,,unavailable,3,Normal,,"{""VIIRS_NOAA20_NRT"": 1}","[{""count"": 1, ""first_acquired_at"": ""2026-06-02T08:18:00+00:00"", ""instrument"": ""VIIRS"", ""last_acquired_at"": ""2026-06-02T08:18:00+00:00"", ""satellite"": ""N20"", ""source_dataset"": ""VIIRS_NOAA20_NRT"", ""version"": ""2.0NRT""}]",1,0,1,1,344.63,309.92,,,0.46,0.39,0,1,0,0,1,0,1,8.81,8.81,,,1.0,0.0,False,344.63,309.92,,
TG-firms-cb387121d003e2ceb980,,,false,,,false,24.189999999999998,41.72,350.455,356.9,0.5,0.0,2.0,0.0,0.24407276978974157,1.0,2.0,0.0,,,,0.0,,,,,,,,,,,,,,,,19.25248,81.27158,2026-04-27T07:29:00+00:00,2026-04-27T07:29:00+00:00,,false,false,,unavailable,15,Normal,,"{""VIIRS_SNPP_SP"": 2}","[{""count"": 2, ""first_acquired_at"": ""2026-04-27T07:29:00+00:00"", ""instrument"": ""VIIRS"", ""last_acquired_at"": ""2026-04-27T07:29:00+00:00"", ""satellite"": ""N"", ""source_dataset"": ""VIIRS_SNPP_SP"", ""version"": ""2""}]",2,0,1,1,350.455,305.33000000000004,,,0.46,0.47,2,0,0,0,2,0,1,24.189999999999998,41.72,,,1.0,0.0,False,350.455,305.33000000000004,,
TG-firms-cbdce2712cdd273b284d,,,false,,,false,9.14,9.14,342.1,342.1,0.5,0.0,1.0,0.0,0.0,1.0,1.0,0.0,,,,0.0,,,,,,,,,,,,,,,,31.66163,75.4934,2026-06-04T08:28:00+00:00,2026-06-04T08:28:00+00:00,,false,false,,unavailable,3,Normal,,"{""VIIRS_NOAA21_NRT"": 1}","[{""count"": 1, ""first_acquired_at"": ""2026-06-04T08:28:00+00:00"", ""instrument"": ""VIIRS"", ""last_acquired_at"": ""2026-06-04T08:28:00+00:00"", ""satellite"": ""N21"", ""source_dataset"": ""VIIRS_NOAA21_NRT"", ""version"": ""2.0NRT""}]",1,0,1,1,342.1,306.42,,,0.43,0.46,0,0,1,0,1,0,1,9.14,9.14,,,1.0,0.0,False,342.1,306.42,,
TG-firms-cc494d7f4a73b8fbc88e,,,false,,,false,2.12,2.23,333.61,335.25,0.0,0.0,2.0,0.0,0.1900862798305558,1.0,2.0,1.0,,,,0.0,,,,,,,,,,,,,,,,19.555325,81.23858999999999,2026-04-26T07:48:00+00:00,2026-04-26T07:48:00+00:00,,false,false,,unavailable,1,Normal,,"{""VIIRS_SNPP_SP"": 2}","[{""count"": 2, ""first_acquired_at"": ""2026-04-26T07:48:00+00:00"", ""instrument"": ""VIIRS"", ""last_acquired_at"": ""2026-04-26T07:48:00+00:00"", ""satellite"": ""N"", ""source_dataset"": ""VIIRS_SNPP_SP"", ""version"": ""2""}]",2,0,1,1,333.61,307.13,,,0.4,0.37,2,0,0,0,2,0,1,2.12,2.23,,,1.0,0.0,False,333.61,307.13,,
TG-firms-ccdf46d1ac55cf62de92,,,false,,,false,5.98,5.98,334.37,334.37,0.0,0.0,1.0,0.0,0.0,1.0,1.0,0.0,,,,0.0,,,,,,,,,,,,,,,,31.12511,76.00107,2026-06-04T08:28:00+00:00,2026-06-04T08:28:00+00:00,,false,false,,unavailable,2,Normal,,"{""VIIRS_NOAA21_NRT"": 1}","[{""count"": 1, ""first_acquired_at"": ""2026-06-04T08:28:00+00:00"", ""instrument"": ""VIIRS"", ""last_acquired_at"": ""2026-06-04T08:28:00+00:00"", ""satellite"": ""N21"", ""source_dataset"": ""VIIRS_NOAA21_NRT"", ""version"": ""2.0NRT""}]",1,0,1,1,334.37,305.83,,,0.45,0.47,0,0,1,0,1,0,1,5.98,5.98,,,1.0,0.0,False,334.37,305.83,,
TG-firms-cd743010d8267ec93e44,,,false,,,false,4.55,4.55,338.26,342.73,0.25,0.0,2.0,0.0,0.20503046999047161,1.0,2.0,0.0,,,,0.0,,,,,,,,,,,,,,,,19.757165,80.64639,2026-05-30T07:31:00+00:00,2026-05-30T07:31:00+00:00,,false,false,,unavailable,2,Normal,,"{""VIIRS_NOAA20_SP"": 2}","[{""count"": 2, ""first_acquired_at"": ""2026-05-30T07:31:00+00:00"", ""instrument"": ""VIIRS"", ""last_acquired_at"": ""2026-05-30T07:31:00+00:00"", ""satellite"": ""N20"", ""source_dataset"": ""VIIRS_NOAA20_SP"", ""version"": ""2""}]",2,0,1,1,338.26,308.16999999999996,,,0.41,0.45,0,2,0,0,2,0,1,4.55,4.55,,,1.0,0.0,False,338.26,308.16999999999996,,
TG-firms-d252184ceacbdcea0e9f,,,false,,,false,2.7,2.7,332.42,332.42,0.0,0.0,1.0,0.0,0.0,1.0,1.0,0.0,,,,0.0,,,,,,,,,,,,,,,,19.13439,80.79139,2026-04-24T08:26:00+00:00,2026-04-24T08:26:00+00:00,,false,false,,unavailable,1,Normal,,"{""VIIRS_SNPP_SP"": 1}","[{""count"": 1, ""first_acquired_at"": ""2026-04-24T08:26:00+00:00"", ""instrument"": ""VIIRS"", ""last_acquired_at"": ""2026-04-24T08:26:00+00:00"", ""satellite"": ""N"", ""source_dataset"": ""VIIRS_SNPP_SP"", ""version"": ""2""}]",1,0,1,1,332.42,307.18,,,0.52,0.5,1,0,0,0,1,0,1,2.7,2.7,,,1.0,0.0,False,332.42,307.18,,
TG-firms-d258ba0940d5d1b4295b,,,false,,,false,3.13,3.13,335.19,335.19,0.0,0.0,1.0,0.0,1.5172857489525193e-13,1.0,1.0,0.0,,,,0.0,,,,,,,,,,,,,,,,19.39472,81.18443,2026-04-26T07:48:00+00:00,2026-04-26T07:48:00+00:00,,false,false,,unavailable,1,Normal,,"{""VIIRS_SNPP_SP"": 1}","[{""count"": 1, ""first_acquired_at"": ""2026-04-26T07:48:00+00:00"", ""instrument"": ""VIIRS"", ""last_acquired_at"": ""2026-04-26T07:48:00+00:00"", ""satellite"": ""N"", ""source_dataset"": ""VIIRS_SNPP_SP"", ""version"": ""2""}]",1,0,1,1,335.19,309.95,,,0.41,0.37,1,0,0,0,1,0,1,3.13,3.13,,,1.0,0.0,False,335.19,309.95,,
TG-firms-d280195411045e37b161,,,false,,,false,1.3,1.3,305.81,305.81,0.5,0.0,1.0,1.0,0.0,1.0,1.0,1.0,,,,0.0,,,,,,,,,,,,,,,,18.91132,81.06824,2026-04-24T20:56:00+00:00,2026-04-24T20:56:00+00:00,,false,false,,unavailable,0,Normal,,"{""VIIRS_SNPP_SP"": 1}","[{""count"": 1, ""first_acquired_at"": ""2026-04-24T20:56:00+00:00"", ""instrument"": ""VIIRS"", ""last_acquired_at"": ""2026-04-24T20:56:00+00:00"", ""satellite"": ""N"", ""source_dataset"": ""VIIRS_SNPP_SP"", ""version"": ""2""}]",1,0,1,1,305.81,292.87,,,0.34,0.56,1,0,0,0,1,0,1,1.3,1.3,,,0.0,1.0,False,305.81,292.87,,
TG-firms-d48ee37b62b281dc08cd,,,false,,,false,20.2,20.2,341.95,341.95,0.5,0.0,1.0,0.0,0.0,1.0,1.0,0.0,,,,0.0,,,,,,,,,,,,,,,,31.31013,75.74374,2026-06-01T08:37:00+00:00,2026-06-01T08:37:00+00:00,,false,false,,unavailable,7,Normal,,"{""VIIRS_NOAA20_NRT"": 1}","[{""count"": 1, ""first_acquired_at"": ""2026-06-01T08:37:00+00:00"", ""instrument"": ""VIIRS"", ""last_acquired_at"": ""2026-06-01T08:37:00+00:00"", ""satellite"": ""N20"", ""source_dataset"": ""VIIRS_NOAA20_NRT"", ""version"": ""2.0NRT""}]",1,0,1,1,341.95,302.87,,,0.55,0.51,0,1,0,0,1,0,1,20.2,20.2,,,1.0,0.0,False,341.95,302.87,,
TG-firms-d53cf43801269c128cd9,,,false,,,false,4.005,5.27,338.315,343.31,0.0,0.0,2.0,0.0,0.2918417960907279,1.0,2.0,2.0,,,,0.0,,,,,,,,,,,,,,,,18.77435,81.21035499999999,2026-04-26T07:48:00+00:00,2026-04-26T07:48:00+00:00,,false,false,,unavailable,2,Normal,,"{""VIIRS_SNPP_SP"": 2}","[{""count"": 2, ""first_acquired_at"": ""2026-04-26T07:48:00+00:00"", ""instrument"": ""VIIRS"", ""last_acquired_at"": ""2026-04-26T07:48:00+00:00"", ""satellite"": ""N"", ""source_dataset"": ""VIIRS_SNPP_SP"", ""version"": ""2""}]",2,0,1,1,338.315,306.99,,,0.41,0.37,2,0,0,0,2,0,1,4.005,5.27,,,1.0,0.0,False,338.315,306.99,,
TG-firms-d55adde144ba589ee920,,,false,,,false,3.15,3.15,342.44,342.44,0.5,0.0,1.0,0.0,0.0,1.0,1.0,0.0,,,,0.0,,,,,,,,,,,,,,,,19.26111,81.33078,2026-04-26T07:48:00+00:00,2026-04-26T07:48:00+00:00,,false,false,,unavailable,1,Normal,,"{""VIIRS_SNPP_SP"": 1}","[{""count"": 1, ""first_acquired_at"": ""2026-04-26T07:48:00+00:00"", ""instrument"": ""VIIRS"", ""last_acquired_at"": ""2026-04-26T07:48:00+00:00"", ""satellite"": ""N"", ""source_dataset"": ""VIIRS_SNPP_SP"", ""version"": ""2""}]",1,0,1,1,342.44,307.24,,,0.4,0.37,1,0,0,0,1,0,1,3.15,3.15,,,1.0,0.0,False,342.44,307.24,,
TG-firms-d5952030d974e6b724b5,,,false,,,false,1.99,1.99,331.91,331.91,0.5,0.0,1.0,0.0,1.4360162582685775e-14,1.0,1.0,1.0,,,,0.0,,,,,,,,,,,,,,,,19.20725,80.82874,2026-05-30T07:30:00+00:00,2026-05-30T07:30:00+00:00,,false,false,,unavailable,1,Normal,,"{""VIIRS_NOAA20_SP"": 1}","[{""count"": 1, ""first_acquired_at"": ""2026-05-30T07:30:00+00:00"", ""instrument"": ""VIIRS"", ""last_acquired_at"": ""2026-05-30T07:30:00+00:00"", ""satellite"": ""N20"", ""source_dataset"": ""VIIRS_NOAA20_SP"", ""version"": ""2""}]",1,0,1,1,331.91,299.88,,,0.4,0.45,0,1,0,0,1,0,1,1.99,1.99,,,1.0,0.0,False,331.91,299.88,,
TG-firms-d69c399fac8953dcb40a,,,false,,,false,9.75,9.75,342.81,342.81,0.5,0.0,1.0,0.0,0.0,1.0,1.0,0.0,,,,0.0,,,,,,,,,,,,,,,,30.44473,74.54507,2026-06-04T07:39:00+00:00,2026-06-04T07:39:00+00:00,,false,false,,unavailable,3,Normal,,"{""VIIRS_NOAA20_NRT"": 1}","[{""count"": 1, ""first_acquired_at"": ""2026-06-04T07:39:00+00:00"", ""instrument"": ""VIIRS"", ""last_acquired_at"": ""2026-06-04T07:39:00+00:00"", ""satellite"": ""N20"", ""source_dataset"": ""VIIRS_NOAA20_NRT"", ""version"": ""2.0NRT""}]",1,0,1,1,342.81,307.11,,,0.47,0.48,0,1,0,0,1,0,1,9.75,9.75,,,1.0,0.0,False,342.81,307.11,,
TG-firms-d8592b532b1f032e87ac,angul_talcher_sep_2026,possible_false_positive,true,PRAGYAX_review,NASA FIRMS: https://firms.modaps.eosdis.nasa.gov/map/index.html ; OSM industrial context verified at <coordinates>; repeated FIRMS observations verified from ThermaGuard historical data,false,3.06,3.43,307.34000000000003,308.27,0.5,0.0,2.0,1.0,0.28157430836208125,1.0,2.0,3.0,,,,0.0,0.0,,958.9,0.0,,3544.0,182.1,8.0,13.0,,,,1.0,0.0,0.0,21.10456,72.645415,2026-08-17T20:02:00+00:00,2026-08-17T20:02:00+00:00,industrial,true,false,,unavailable,26,Normal,ArcelorMittal Nippon Steel India; Bhander Power Plant; Hazira II (Essar) Power Plant; Hazira Power Plant; L&T; Shell Energy India Private Limited,,,,,,,,,,,,,,,,,,,,,,,,,,,,,,
TG-firms-d8b3a4efd66ef2ae4997,,,false,,,false,3.19,3.19,340.29,340.29,0.0,0.0,1.0,0.0,6.126446961090558e-14,1.0,1.0,3.0,,,,0.0,,,,,,,,,,,,,,,,18.86806,81.06717,2026-04-26T07:48:00+00:00,2026-04-26T07:48:00+00:00,,false,false,,unavailable,1,Normal,,"{""VIIRS_SNPP_SP"": 1}","[{""count"": 1, ""first_acquired_at"": ""2026-04-26T07:48:00+00:00"", ""instrument"": ""VIIRS"", ""last_acquired_at"": ""2026-04-26T07:48:00+00:00"", ""satellite"": ""N"", ""source_dataset"": ""VIIRS_SNPP_SP"", ""version"": ""2""}]",1,0,1,1,340.29,307.43,,,0.41,0.37,1,0,0,0,1,0,1,3.19,3.19,,,1.0,0.0,False,340.29,307.43,,
TG-firms-dc0529474be88f637130,,,false,,,false,11.87,11.87,348.5,348.5,0.5,0.0,1.0,0.0,1.0573774795109918e-13,1.0,1.0,0.0,,,,0.0,,,,,,,,,,,,,,,,30.3316,75.18076,2026-06-02T08:18:00+00:00,2026-06-02T08:18:00+00:00,,false,false,,unavailable,4,Normal,,"{""VIIRS_NOAA20_NRT"": 1}","[{""count"": 1, ""first_acquired_at"": ""2026-06-02T08:18:00+00:00"", ""instrument"": ""VIIRS"", ""last_acquired_at"": ""2026-06-02T08:18:00+00:00"", ""satellite"": ""N20"", ""source_dataset"": ""VIIRS_NOAA20_NRT"", ""version"": ""2.0NRT""}]",1,0,1,1,348.5,310.1,,,0.43,0.38,0,1,0,0,1,0,1,11.87,11.87,,,1.0,0.0,False,348.5,310.1,,
TG-firms-ddf0ad3e53fc93132be3,,,false,,,false,4.98,5.39,342.66499999999996,343.07,0.5,0.0,2.0,0.0,0.11494925971512646,1.0,2.0,0.0,,,,0.0,,,,,,,,,,,,,,,,30.76769,75.241655,2026-06-01T08:37:00+00:00,2026-06-01T08:37:00+00:00,,false,false,,unavailable,2,Normal,,"{""VIIRS_NOAA20_NRT"": 2}","[{""count"": 2, ""first_acquired_at"": ""2026-06-01T08:37:00+00:00"", ""instrument"": ""VIIRS"", ""last_acquired_at"": ""2026-06-01T08:37:00+00:00"", ""satellite"": ""N20"", ""source_dataset"": ""VIIRS_NOAA20_NRT"", ""version"": ""2.0NRT""}]",2,0,1,1,342.66499999999996,301.4,,,0.51,0.49,0,2,0,0,2,0,1,4.98,5.39,,,1.0,0.0,False,342.66499999999996,301.4,,
TG-firms-df2693c26c4092b5b321,,,false,,,false,2.1175,2.49,316.5775,339.08,0.375,12.5,4.0,0.75,0.8077842579992827,1.0,0.32,0.0,,,,0.0,,,,,,,,,,,,,,,,19.0045575,81.2897375,2026-04-26T07:48:00+00:00,2026-04-26T20:18:00+00:00,,false,false,,unavailable,7,Normal,,"{""VIIRS_SNPP_SP"": 4}","[{""count"": 4, ""first_acquired_at"": ""2026-04-26T07:48:00+00:00"", ""instrument"": ""VIIRS"", ""last_acquired_at"": ""2026-04-26T20:18:00+00:00"", ""satellite"": ""N"", ""source_dataset"": ""VIIRS_SNPP_SP"", ""version"": ""2""}]",4,0,1,1,316.5775,299.82,,,0.3875,0.3625,4,0,0,0,4,0,1,2.1175,2.49,,,0.25,0.75,False,316.5775,299.82,,
TG-firms-e16143bb6bf4b1b3dbf4,,,false,,,false,3.44,3.44,331.58,331.58,0.0,0.0,1.0,0.0,0.0,1.0,1.0,0.0,,,,0.0,,,,,,,,,,,,,,,,18.76743,80.50977,2026-04-23T08:44:00+00:00,2026-04-23T08:44:00+00:00,,false,false,,unavailable,1,Normal,,"{""VIIRS_SNPP_SP"": 1}","[{""count"": 1, ""first_acquired_at"": ""2026-04-23T08:44:00+00:00"", ""instrument"": ""VIIRS"", ""last_acquired_at"": ""2026-04-23T08:44:00+00:00"", ""satellite"": ""N"", ""source_dataset"": ""VIIRS_SNPP_SP"", ""version"": ""2""}]",1,0,1,1,331.58,302.65,,,0.5,0.66,1,0,0,0,1,0,1,3.44,3.44,,,1.0,0.0,False,331.58,302.65,,
TG-firms-e2a78f796f3ae5535539,,,false,,,false,1.71,1.71,334.06,334.06,0.0,0.0,1.0,0.0,0.0,1.0,1.0,3.0,,,,0.0,,,,,,,,,,,,,,,,18.88296,81.03219,2026-04-26T07:48:00+00:00,2026-04-26T07:48:00+00:00,,false,false,,unavailable,1,Normal,,"{""VIIRS_SNPP_SP"": 1}","[{""count"": 1, ""first_acquired_at"": ""2026-04-26T07:48:00+00:00"", ""instrument"": ""VIIRS"", ""last_acquired_at"": ""2026-04-26T07:48:00+00:00"", ""satellite"": ""N"", ""source_dataset"": ""VIIRS_SNPP_SP"", ""version"": ""2""}]",1,0,1,1,334.06,307.55,,,0.41,0.37,1,0,0,0,1,0,1,1.71,1.71,,,1.0,0.0,False,334.06,307.55,,
TG-firms-e30d0d4c6c537a19f86c,,,false,,,false,4.69,4.69,347.2,347.2,0.5,0.0,1.0,0.0,5.994761470513298e-14,1.0,1.0,1.0,,,,0.0,,,,,,,,,,,,,,,,19.25092,81.11046,2026-05-27T08:27:00+00:00,2026-05-27T08:27:00+00:00,,false,false,,unavailable,2,Normal,,"{""VIIRS_NOAA20_SP"": 1}","[{""count"": 1, ""first_acquired_at"": ""2026-05-27T08:27:00+00:00"", ""instrument"": ""VIIRS"", ""last_acquired_at"": ""2026-05-27T08:27:00+00:00"", ""satellite"": ""N20"", ""source_dataset"": ""VIIRS_NOAA20_SP"", ""version"": ""2""}]",1,0,1,1,347.2,294.97,,,0.34,0.56,0,1,0,0,1,0,1,4.69,4.69,,,1.0,0.0,False,347.2,294.97,,
TG-firms-e388f1647f2fff0ec051,,,false,,,false,4.04,4.04,340.18,340.18,0.5,0.0,1.0,0.0,0.0,1.0,1.0,0.0,,,,0.0,,,,,,,,,,,,,,,,30.5352,75.10128,2026-06-04T07:39:00+00:00,2026-06-04T07:39:00+00:00,,false,false,,unavailable,1,Normal,,"{""VIIRS_NOAA20_NRT"": 1}","[{""count"": 1, ""first_acquired_at"": ""2026-06-04T07:39:00+00:00"", ""instrument"": ""VIIRS"", ""last_acquired_at"": ""2026-06-04T07:39:00+00:00"", ""satellite"": ""N20"", ""source_dataset"": ""VIIRS_NOAA20_NRT"", ""version"": ""2.0NRT""}]",1,0,1,1,340.18,308.19,,,0.44,0.46,0,1,0,0,1,0,1,4.04,4.04,,,1.0,0.0,False,340.18,308.19,,
TG-firms-e3eff4bc76ffb60c4d70,,,false,,,false,2.54,2.54,332.29,332.29,0.5,0.0,1.0,0.0,1.0866286162047549e-13,1.0,1.0,2.0,,,,0.0,,,,,,,,,,,,,,,,19.71618,81.00515,2026-04-27T07:30:00+00:00,2026-04-27T07:30:00+00:00,,false,false,,unavailable,1,Normal,,"{""VIIRS_SNPP_SP"": 1}","[{""count"": 1, ""first_acquired_at"": ""2026-04-27T07:30:00+00:00"", ""instrument"": ""VIIRS"", ""last_acquired_at"": ""2026-04-27T07:30:00+00:00"", ""satellite"": ""N"", ""source_dataset"": ""VIIRS_SNPP_SP"", ""version"": ""2""}]",1,0,1,1,332.29,302.82,,,0.47,0.48,1,0,0,0,1,0,1,2.54,2.54,,,1.0,0.0,False,332.29,302.82,,
TG-firms-e47c3afa9502d3be6d72,,,false,,,false,54.8,54.8,,,,0.0,1.0,0.0,0.0,1.0,1.0,0.0,,,,0.0,,,,,,,,,,,,,,,,19.2194,80.9467,2026-04-29T09:21:00+00:00,2026-04-29T09:21:00+00:00,,false,false,,unavailable,20,Normal,,"{""MODIS_SP"": 1}","[{""count"": 1, ""first_acquired_at"": ""2026-04-29T09:21:00+00:00"", ""instrument"": ""MODIS"", ""last_acquired_at"": ""2026-04-29T09:21:00+00:00"", ""satellite"": ""Aqua"", ""source_dataset"": ""MODIS_SP"", ""version"": ""61.03""}]",0,1,1,1,,,330.3,302.1,2.1,1.4,0,0,0,1,1,0,1,,,54.8,54.8,1.0,0.0,False,,,330.3,302.1
TG-firms-e514aac998d6df5788a1,,,false,,,false,0.87,0.87,305.56,305.56,0.5,0.0,1.0,1.0,0.0,1.0,1.0,2.0,,,,0.0,,,,,,,,,,,,,,,,19.69974,81.91761,2026-04-26T20:18:00+00:00,2026-04-26T20:18:00+00:00,,false,false,,unavailable,0,Normal,,"{""VIIRS_SNPP_SP"": 1}","[{""count"": 1, ""first_acquired_at"": ""2026-04-26T20:18:00+00:00"", ""instrument"": ""VIIRS"", ""last_acquired_at"": ""2026-04-26T20:18:00+00:00"", ""satellite"": ""N"", ""source_dataset"": ""VIIRS_SNPP_SP"", ""version"": ""2""}]",1,0,1,1,305.56,294.91,,,0.38,0.36,1,0,0,0,1,0,1,0.87,0.87,,,0.0,1.0,False,305.56,294.91,,
TG-firms-e604d8716e6054d028d6,hazira_aug_2026,persistent_industrial_thermal_source,true,PRAGYAX_review,"NASA FIRMS: https://firms.modaps.eosdis.nasa.gov/map/index.html ; coordinates=21.10433,72.64272 ; stored OSM landuse=industrial ; stored recurrence_count=7.0",false,2.66,2.66,305.89,305.89,0.5,0.0,1.0,1.0,0.0,1.0,1.0,7.0,5.012651515151515,15.08,3.442639165444925,1.0,0.0,,1216.8,0.0,,3491.5,102.8,8.0,13.0,,,,1.0,0.0,0.0,21.10433,72.64272,2026-08-27T20:17:00+00:00,2026-08-27T20:17:00+00:00,industrial,true,false,0,within_baseline,21,Normal,ArcelorMittal Nippon Steel India; Bhander Power Plant; Hazira II (Essar) Power Plant; Hazira Power Plant; L&T; Shell Energy India Private Limited,,,,,,,,,,,,,,,,,,,,,,,,,,,,,,
TG-firms-e738b4b63085586b4a95,,,false,,,false,6.26,6.26,339.53,339.53,0.5,0.0,1.0,0.0,0.0,1.0,1.0,0.0,,,,0.0,,,,,,,,,,,,,,,,30.45316,75.91032,2026-06-05T08:09:00+00:00,2026-06-05T08:09:00+00:00,,false,false,,unavailable,2,Normal,,"{""VIIRS_NOAA21_NRT"": 1}","[{""count"": 1, ""first_acquired_at"": ""2026-06-05T08:09:00+00:00"", ""instrument"": ""VIIRS"", ""last_acquired_at"": ""2026-06-05T08:09:00+00:00"", ""satellite"": ""N21"", ""source_dataset"": ""VIIRS_NOAA21_NRT"", ""version"": ""2.0NRT""}]",1,0,1,1,339.53,309.0,,,0.4,0.37,0,0,1,0,1,0,1,6.26,6.26,,,1.0,0.0,False,339.53,309.0,,
TG-firms-e7687850e94568c4a17b,,,false,,,false,4.45,4.45,346.26,346.26,0.0,0.0,1.0,0.0,0.0,1.0,1.0,1.0,,,,0.0,,,,,,,,,,,,,,,,19.74709,80.92181,2026-04-26T07:48:00+00:00,2026-04-26T07:48:00+00:00,,false,false,,unavailable,2,Normal,,"{""VIIRS_SNPP_SP"": 1}","[{""count"": 1, ""first_acquired_at"": ""2026-04-26T07:48:00+00:00"", ""instrument"": ""VIIRS"", ""last_acquired_at"": ""2026-04-26T07:48:00+00:00"", ""satellite"": ""N"", ""source_dataset"": ""VIIRS_SNPP_SP"", ""version"": ""2""}]",1,0,1,1,346.26,313.86,,,0.41,0.37,1,0,0,0,1,0,1,4.45,4.45,,,1.0,0.0,False,346.26,313.86,,
TG-firms-e7c00d1b1dd49649029c,,,false,,,false,1.04,1.04,330.81,330.81,0.0,0.0,1.0,0.0,0.0,1.0,1.0,0.0,,,,0.0,,,,,,,,,,,,,,,,19.72833,81.47658,2026-04-27T07:30:00+00:00,2026-04-27T07:30:00+00:00,,false,false,,unavailable,5,Normal,,"{""VIIRS_SNPP_SP"": 1}","[{""count"": 1, ""first_acquired_at"": ""2026-04-27T07:30:00+00:00"", ""instrument"": ""VIIRS"", ""last_acquired_at"": ""2026-04-27T07:30:00+00:00"", ""satellite"": ""N"", ""source_dataset"": ""VIIRS_SNPP_SP"", ""version"": ""2""}]",1,0,1,1,330.81,304.08,,,0.44,0.46,1,0,0,0,1,0,1,1.04,1.04,,,1.0,0.0,False,330.81,304.08,,
TG-firms-e80ac08c39bc83701239,,,false,,,false,1.23,1.23,334.99,334.99,0.0,0.0,1.0,0.0,0.0,1.0,1.0,0.0,,,,0.0,,,,,,,,,,,,,,,,19.35992,80.8944,2026-04-25T08:07:00+00:00,2026-04-25T08:07:00+00:00,,false,false,,unavailable,0,Normal,,"{""VIIRS_SNPP_SP"": 1}","[{""count"": 1, ""first_acquired_at"": ""2026-04-25T08:07:00+00:00"", ""instrument"": ""VIIRS"", ""last_acquired_at"": ""2026-04-25T08:07:00+00:00"", ""satellite"": ""N"", ""source_dataset"": ""VIIRS_SNPP_SP"", ""version"": ""2""}]",1,0,1,1,334.99,305.28,,,0.43,0.38,1,0,0,0,1,0,1,1.23,1.23,,,1.0,0.0,False,334.99,305.28,,
TG-firms-e84fdf7c33cd692fc07d,,,false,,,false,6.79,6.79,339.7,339.7,0.5,0.0,1.0,0.0,0.0,1.0,1.0,0.0,,,,0.0,,,,,,,,,,,,,,,,19.27627,81.01701,2026-04-25T08:07:00+00:00,2026-04-25T08:07:00+00:00,,false,false,,unavailable,2,Normal,,"{""VIIRS_SNPP_SP"": 1}","[{""count"": 1, ""first_acquired_at"": ""2026-04-25T08:07:00+00:00"", ""instrument"": ""VIIRS"", ""last_acquired_at"": ""2026-04-25T08:07:00+00:00"", ""satellite"": ""N"", ""source_dataset"": ""VIIRS_SNPP_SP"", ""version"": ""2""}]",1,0,1,1,339.7,304.61,,,0.44,0.38,1,0,0,0,1,0,1,6.79,6.79,,,1.0,0.0,False,339.7,304.61,,
TG-firms-e861417cf78ffc1a3028,,,false,,,false,8.4,8.4,,,,0.0,1.0,0.0,0.0,1.0,1.0,0.0,,,,0.0,,,,,,,,,,,,,,,,18.5049,81.3207,2026-04-27T09:42:00+00:00,2026-04-27T09:42:00+00:00,,false,false,,unavailable,3,Normal,,"{""MODIS_SP"": 1}","[{""count"": 1, ""first_acquired_at"": ""2026-04-27T09:42:00+00:00"", ""instrument"": ""MODIS"", ""last_acquired_at"": ""2026-04-27T09:42:00+00:00"", ""satellite"": ""Aqua"", ""source_dataset"": ""MODIS_SP"", ""version"": ""61.03""}]",0,1,1,1,,,321.7,303.7,1.0,1.0,0,0,0,1,1,0,1,,,8.4,8.4,1.0,0.0,False,,,321.7,303.7
TG-firms-e8e57c2d76071ade9fe4,,,false,,,false,4.67,4.67,347.66,347.66,0.5,0.0,1.0,0.0,0.0,1.0,1.0,0.0,,,,0.0,,,,,,,,,,,,,,,,19.43256,81.2886,2026-04-26T07:48:00+00:00,2026-04-26T07:48:00+00:00,,false,false,,unavailable,2,Normal,,"{""VIIRS_SNPP_SP"": 1}","[{""count"": 1, ""first_acquired_at"": ""2026-04-26T07:48:00+00:00"", ""instrument"": ""VIIRS"", ""last_acquired_at"": ""2026-04-26T07:48:00+00:00"", ""satellite"": ""N"", ""source_dataset"": ""VIIRS_SNPP_SP"", ""version"": ""2""}]",1,0,1,1,347.66,308.28,,,0.4,0.37,1,0,0,0,1,0,1,4.67,4.67,,,1.0,0.0,False,347.66,308.28,,
TG-firms-eacc613672eb4c527d07,,,false,,,false,22.0,22.0,,,,0.0,1.0,0.0,2.106120742055909e-14,1.0,1.0,2.0,,,,0.0,,,,,,,,,,,,,,,,19.6661,80.9778,2026-04-30T09:58:00+00:00,2026-04-30T09:58:00+00:00,,false,false,,unavailable,8,Normal,,"{""MODIS_SP"": 1}","[{""count"": 1, ""first_acquired_at"": ""2026-04-30T09:58:00+00:00"", ""instrument"": ""MODIS"", ""last_acquired_at"": ""2026-04-30T09:58:00+00:00"", ""satellite"": ""Aqua"", ""source_dataset"": ""MODIS_SP"", ""version"": ""61.03""}]",0,1,1,1,,,327.9,301.9,1.3,1.1,0,0,0,1,1,0,1,,,22.0,22.0,1.0,0.0,False,,,327.9,301.9
TG-firms-eb7aff5b08219fa0be97,chandrapur_sep_2026,agricultural_vegetation_fire,true,PRAGYAX_review,NASA FIRMS: https://firms.modaps.eosdis.nasa.gov/map/index.html ; project FIRMS observation and stored geospatial context reviewed,false,1.84,1.84,300.96,300.96,0.5,0.0,1.0,1.0,0.0,1.0,1.0,1.0,,,,0.0,,,,,,,,,,,,,,,,19.82081,79.33638,2026-09-08T21:31:00+00:00,2026-09-08T21:31:00+00:00,,false,false,,unavailable,1,Normal,,,,,,,,,,,,,,,,,,,,,,,,,,,,,,,
TG-firms-ee3bc6ee107efd6f47bd,,,false,,,false,1.06,1.06,333.28,333.28,0.0,0.0,1.0,0.0,1.5655915246539054e-13,1.0,1.0,0.0,,,,0.0,,,,,,,,,,,,,,,,18.97684,80.5024,2026-04-25T08:07:00+00:00,2026-04-25T08:07:00+00:00,,false,false,,unavailable,5,Normal,,"{""VIIRS_SNPP_SP"": 1}","[{""count"": 1, ""first_acquired_at"": ""2026-04-25T08:07:00+00:00"", ""instrument"": ""VIIRS"", ""last_acquired_at"": ""2026-04-25T08:07:00+00:00"", ""satellite"": ""N"", ""source_dataset"": ""VIIRS_SNPP_SP"", ""version"": ""2""}]",1,0,1,1,333.28,304.29,,,0.42,0.37,1,0,0,0,1,0,1,1.06,1.06,,,1.0,0.0,False,333.28,304.29,,
TG-firms-ee98742f57357bb34854,unmapped_sep_2026,industrial_fire,true,PRAGYAX_review,NASA FIRMS: https://firms.modaps.eosdis.nasa.gov/map/index.html ; project FIRMS observation and stored geospatial context reviewed,false,2.57,2.57,332.7,332.7,0.0,0.0,1.0,0.0,0.0,1.0,1.0,0.0,,,,0.0,3032.3,,,,,,4045.9,3.0,4.0,0.1865,,,,,,23.10672,72.22006,2026-09-10T08:26:00+00:00,2026-09-10T08:26:00+00:00,,true,true,,unavailable,1,Normal,Suryam Repose,,,,,,,,,,,,,,,,,,,,,,,,,,,,,,
TG-firms-f13ef51948f5dd2f1cd6,,,false,,,false,6.3,6.3,,,,0.0,1.0,0.0,0.0,1.0,1.0,4.0,,,,0.0,,,,,,,,,,,,,,,,18.6665,81.045,2026-04-27T09:42:00+00:00,2026-04-27T09:42:00+00:00,,false,false,,unavailable,2,Normal,,"{""MODIS_SP"": 1}","[{""count"": 1, ""first_acquired_at"": ""2026-04-27T09:42:00+00:00"", ""instrument"": ""MODIS"", ""last_acquired_at"": ""2026-04-27T09:42:00+00:00"", ""satellite"": ""Aqua"", ""source_dataset"": ""MODIS_SP"", ""version"": ""61.03""}]",0,1,1,1,,,319.8,305.0,1.0,1.0,0,0,0,1,1,0,1,,,6.3,6.3,1.0,0.0,False,,,319.8,305.0
TG-firms-f6061c7f074b36399403,,,false,,,false,2.99,2.99,333.53,333.53,0.5,0.0,1.0,0.0,0.0,1.0,1.0,0.0,,,,0.0,,,,,,,,,,,,,,,,31.6205,75.67276,2026-06-05T07:22:00+00:00,2026-06-05T07:22:00+00:00,,false,false,,unavailable,1,Normal,,"{""VIIRS_NOAA20_NRT"": 1}","[{""count"": 1, ""first_acquired_at"": ""2026-06-05T07:22:00+00:00"", ""instrument"": ""VIIRS"", ""last_acquired_at"": ""2026-06-05T07:22:00+00:00"", ""satellite"": ""N20"", ""source_dataset"": ""VIIRS_NOAA20_NRT"", ""version"": ""2.0NRT""}]",1,0,1,1,333.53,303.33,,,0.36,0.57,0,1,0,0,1,0,1,2.99,2.99,,,1.0,0.0,False,333.53,303.33,,
TG-firms-f6ab9bbf5e8ffdaad784,,,false,,,false,7.04,7.04,344.99,344.99,0.5,0.0,1.0,0.0,0.0,1.0,1.0,0.0,,,,0.0,,,,,,,,,,,,,,,,22.66937,70.43029,2026-05-28T08:09:00+00:00,2026-05-28T08:09:00+00:00,,false,false,,unavailable,3,Normal,,"{""VIIRS_NOAA20_SP"": 1}","[{""count"": 1, ""first_acquired_at"": ""2026-05-28T08:09:00+00:00"", ""instrument"": ""VIIRS"", ""last_acquired_at"": ""2026-05-28T08:09:00+00:00"", ""satellite"": ""N20"", ""source_dataset"": ""VIIRS_NOAA20_SP"", ""version"": ""2""}]",1,0,1,1,344.99,314.44,,,0.4,0.44,0,1,0,0,1,0,1,7.04,7.04,,,1.0,0.0,False,344.99,314.44,,
TG-firms-f9866fc262f5d5c77f2e,,,false,,,false,5.86,5.86,332.84,332.84,0.5,0.0,1.0,0.0,0.0,1.0,1.0,0.0,,,,0.0,,,,,,,,,,,,,,,,30.80423,76.11818,2026-06-03T08:45:00+00:00,2026-06-03T08:45:00+00:00,,false,false,,unavailable,2,Normal,,"{""VIIRS_NOAA21_NRT"": 1}","[{""count"": 1, ""first_acquired_at"": ""2026-06-03T08:45:00+00:00"", ""instrument"": ""VIIRS"", ""last_acquired_at"": ""2026-06-03T08:45:00+00:00"", ""satellite"": ""N21"", ""source_dataset"": ""VIIRS_NOAA21_NRT"", ""version"": ""2.0NRT""}]",1,0,1,1,332.84,292.95,,,0.44,0.62,0,0,1,0,1,0,1,5.86,5.86,,,1.0,0.0,False,332.84,292.95,,
TG-firms-fa0216296dcf1ba4af43,,,false,,,false,8.0,8.0,340.93,340.93,0.0,0.0,1.0,0.0,0.0,1.0,1.0,0.0,,,,0.0,,,,,,,,,,,,,,,,31.11302,75.56993,2026-06-02T08:18:00+00:00,2026-06-02T08:18:00+00:00,,false,false,,unavailable,3,Normal,,"{""VIIRS_NOAA20_NRT"": 1}","[{""count"": 1, ""first_acquired_at"": ""2026-06-02T08:18:00+00:00"", ""instrument"": ""VIIRS"", ""last_acquired_at"": ""2026-06-02T08:18:00+00:00"", ""satellite"": ""N20"", ""source_dataset"": ""VIIRS_NOAA20_NRT"", ""version"": ""2.0NRT""}]",1,0,1,1,340.93,311.77,,,0.45,0.39,0,1,0,0,1,0,1,8.0,8.0,,,1.0,0.0,False,340.93,311.77,,
TG-firms-fb9c78d5feab41060e20,,,false,,,false,3.07,3.07,309.04,309.04,0.5,0.0,1.0,1.0,0.0,1.0,1.0,2.0,,,,0.0,,,,,,,,,,,,,,,,18.8167,81.21204,2026-04-25T20:37:00+00:00,2026-04-25T20:37:00+00:00,,false,false,,unavailable,1,Normal,,"{""VIIRS_SNPP_SP"": 1}","[{""count"": 1, ""first_acquired_at"": ""2026-04-25T20:37:00+00:00"", ""instrument"": ""VIIRS"", ""last_acquired_at"": ""2026-04-25T20:37:00+00:00"", ""satellite"": ""N"", ""source_dataset"": ""VIIRS_SNPP_SP"", ""version"": ""2""}]",1,0,1,1,309.04,296.45,,,0.53,0.42,1,0,0,0,1,0,1,3.07,3.07,,,0.0,1.0,False,309.04,296.45,,
TG-firms-fba33b3c266984e9f538,,,false,,,false,5.93,5.93,338.78,338.78,0.5,0.0,1.0,0.0,0.0,1.0,1.0,0.0,,,,0.0,,,,,,,,,,,,,,,,19.26466,81.22917,2026-04-27T07:29:00+00:00,2026-04-27T07:29:00+00:00,,false,false,,unavailable,2,Normal,,"{""VIIRS_SNPP_SP"": 1}","[{""count"": 1, ""first_acquired_at"": ""2026-04-27T07:29:00+00:00"", ""instrument"": ""VIIRS"", ""last_acquired_at"": ""2026-04-27T07:29:00+00:00"", ""satellite"": ""N"", ""source_dataset"": ""VIIRS_SNPP_SP"", ""version"": ""2""}]",1,0,1,1,338.78,304.02,,,0.46,0.47,1,0,0,0,1,0,1,5.93,5.93,,,1.0,0.0,False,338.78,304.02,,
TG-firms-fcadf627a5f638a49e60,angul_talcher_sep_2026,possible_false_positive,true,PRAGYAX_review,"NASA FIRMS: https://firms.modaps.eosdis.nasa.gov/map/index.html ; coordinates=21.07918,85.03577 ; stored recurrence_count=0.0",false,2.47,2.47,300.85,300.85,0.5,0.0,1.0,1.0,0.0,1.0,1.0,0.0,,,,0.0,,,,,,,,,,,,,,,,21.07918,85.03577,2026-09-08T19:49:00+00:00,2026-09-08T19:49:00+00:00,,false,false,,unavailable,1,Normal,,,,,,,,,,,,,,,,,,,,,,,,,,,,,,,
TG-firms-fcae1e64b78649a6ce0d,,,false,,,false,4.36,4.36,336.26,336.26,0.5,0.0,1.0,0.0,1.549956318771306e-13,1.0,1.0,0.0,,,,0.0,,,,,,,,,,,,,,,,31.23959,74.52759,2026-06-01T08:37:00+00:00,2026-06-01T08:37:00+00:00,,false,false,,unavailable,2,Normal,,"{""VIIRS_NOAA20_NRT"": 1}","[{""count"": 1, ""first_acquired_at"": ""2026-06-01T08:37:00+00:00"", ""instrument"": ""VIIRS"", ""last_acquired_at"": ""2026-06-01T08:37:00+00:00"", ""satellite"": ""N20"", ""source_dataset"": ""VIIRS_NOAA20_NRT"", ""version"": ""2.0NRT""}]",1,0,1,1,336.26,304.96,,,0.47,0.47,0,1,0,0,1,0,1,4.36,4.36,,,1.0,0.0,False,336.26,304.96,,
TG-firms-fd17266b4d6fdaaa1026,angul_talcher_sep_2026,natural_thermal_event,true,PRAGYAX_review,NASA FIRMS: https://firms.modaps.eosdis.nasa.gov/map/index.html ; project FIRMS observation and stored geospatial context reviewed,false,2.798,6.34,318.76,332.66,0.5,12.466666666666667,5.0,0.8,0.45917505806403447,1.0,0.40106951871657753,1.0,,,,0.0,,,,,,,,,,,,,,,,20.865318,84.990644,2026-09-05T08:18:00+00:00,2026-09-05T20:46:00+00:00,,false,false,,unavailable,8,Normal,,,,,,,,,,,,,,,,,,,,,,,,,,,,,,,
TG-firms-ff25a43f5a2a7c2d6ded,,,false,,,false,3.55,3.55,338.12,338.12,0.5,0.0,1.0,0.0,0.0,1.0,1.0,0.0,,,,0.0,,,,,,,,,,,,,,,,31.19049,76.15423,2026-06-04T07:39:00+00:00,2026-06-04T07:39:00+00:00,,false,false,,unavailable,1,Normal,,"{""VIIRS_NOAA20_NRT"": 1}","[{""count"": 1, ""first_acquired_at"": ""2026-06-04T07:39:00+00:00"", ""instrument"": ""VIIRS"", ""last_acquired_at"": ""2026-06-04T07:39:00+00:00"", ""satellite"": ""N20"", ""source_dataset"": ""VIIRS_NOAA20_NRT"", ""version"": ""2.0NRT""}]",1,0,1,1,338.12,306.97,,,0.56,0.43,0,1,0,0,1,0,1,3.55,3.55,,,1.0,0.0,False,338.12,306.97,,
